Accession,WTB-001,WTB-002,WTB-003,WTB-004,WTB-005,WTB-006,WTB-007,WTB-008,WTB-009,WTB-010
Q9Y4Y9,0,0,313.9,246.3,0,0,0,0,0,93.9
E9PMV2,79.85,201.4,230.4,69.5,54.3,64,130.7666667,59.5,48.6,74.15
F8W809,71.75,142.5,228.3,86,10.6,119.2,29.13333333,0,25.1,72
P07996,95.45,197.7,215.3,111.6,46.4,75,85.26666667,40.6,40.9,67.6
P21980,67.5,229.6,214.8,194,29.7,40.6,63.63333333,21.7,42.3,60.85
J3QSU6,97.7,262.8,212.3,117,17.8,59.7,110.5666667,29.1,61.1,58.4
Q9NZZ3,100.15,172.6,209.8,103.7,22,44,97.63333333,21.6,40.1,102.55
E9PK54,73.65,122.9,203.9,100.3,96.9,66.6,88.83333333,38.5,59.1,91.4
F8WF14,59.9,112.1,202.2,167.5,34.8,92.3,81.66666667,0,81.2,150.2
P02675,142.45,123.7,198.5,61,171.7,203.6,43.2,29.8,52.1,83.1
Q15063,42.75,518.3,196.4,56.3,46.3,43,74.36666667,30.1,31.1,46.7
P02679,154.5,114.9,196.2,61.1,185.7,192,40.13333333,31.7,51.6,77.5
Q9HT18,68.65,66.7,194.3,79.1,84.7,99.9,152.2,80.6,38.8,95.35
A0A2R8YD90,87.2,272.6,185.6,85.4,36.2,42.9,96,45.7,75.5,74.2
G3V180,36.9,187.7,182.6,196.7,0,0,146.4,0,79.6,98.85
Q9BTE6,108.05,173.9,182,164.4,53.2,63.3,73.26666667,36.2,47.7,109.2
P02671,225.5,136,180.7,37,200.7,101.2,27.33333333,36.2,26.5,86.6
J3KSB0,83.75,188.7,179.1,152.4,23.3,30.7,141.6666667,0,94.3,64.55
P00374,65.6,103.9,178.9,75.9,36.5,34,114.9666667,26.9,48.2,81.05
Q15582,98.85,245.1,178.2,102.4,51.1,82.7,87.26666667,30.7,63.4,80.5
P02655,83.45,114.1,176.3,213,60.8,35.4,82.93333333,41.6,36.6,143.6
Q92542,124.55,159.6,175.4,133.3,67.5,69.6,95,35.2,100.5,91
P49756,128.75,158.2,172.1,107.3,43.5,22.4,64.86666667,41.8,20.3,82.35
P30044,97.85,98.6,172,104.3,75.7,52.5,83.1,16.8,61.4,105.1
P08670,87.55,291.3,169.6,78.1,52,69.4,60.76666667,54.8,45.2,67.75
P02745,167.15,127.8,168,93.4,68.1,35.7,72.93333333,33.9,92.5,112.4
Q96TA1,126.25,228.8,166.9,126.8,41.8,106.5,38.83333333,37.6,60.8,106.25
P60903,94.75,170,166.7,151.8,88.1,155.2,55.73333333,62.7,61,105
Q92888,89.65,219.4,164.1,82.5,29.8,0,129.0666667,54.9,137.3,90.8
Q96IY4,91.35,111.9,162.3,111.1,118.4,86.8,74.83333333,89.5,101.3,102.8
Q08945,71.75,151.5,160.2,285.7,21.2,0,26.56666667,16.1,22.3,64.85
P28838,49.9,92.2,160.1,112,35.4,36,124.9666667,0,84.8,58.65
A0A1B0GU62,117.3,159.6,159.3,108.4,56.1,29.5,72.13333333,54.5,95.3,110.75
P35555,54.7,254.7,157,37.6,32.2,45.5,177.8666667,32.9,87.8,47.35
Q12996,118.8,170.7,155.1,191.2,97.7,139.3,70,22,86.1,48.3
P21926,94.8,158.9,152.2,118,115.8,56.4,96.73333333,34.1,83.3,85.75
P02730,74.6,101.8,151.1,196.5,150.7,71.7,60.9,33.9,56,133.05
A0A499FIX8,94.9,141.8,149.4,129,32.8,43.8,86.96666667,39.1,55.7,96.2
Q8TAQ2,151.65,135.8,149,111.8,55.2,99.3,47.2,38.6,68.1,92.25
Q9Y3C4,153.4,196.7,148.7,145,0,0,103.5,42.3,113,20.45
O14744,107.2,154.5,148.3,147.9,25.1,18.2,64.06666667,14.1,49.5,56.15
Q9P1F3,99.05,115.5,147.7,89,46.3,14.7,158.9666667,42.5,64.5,111.2
Q9HZ71,75.35,103.8,145.7,74.1,40.5,69.6,174.5333333,54.2,62.1,62
E9PRJ8,87.3,150.2,143.3,88.8,144.9,71.2,61.13333333,32.6,73.7,90.75
Q07065,93.2,167.4,141.5,182.5,61.5,30.8,80.76666667,32.1,77.6,105.35
H0Y659,79.15,93.9,141.4,93.5,0,52,98.93333333,74.2,0,111.8
P04632,91.35,138.1,140.3,118.5,57,44.3,59.16666667,0,206.5,73.85
P10909,184.1,123,138.8,74.8,187.7,88.9,46.13333333,37.5,62.2,95.8
Q9NTK5,142.4,105.2,138.6,46.6,81.2,41.9,42.26666667,43.9,25.3,94.75
O15067,84.1,110.8,137.7,135.7,75.9,56.6,114.4,28.3,82.4,134.1
A0A2R8Y5V9,66.05,201.6,137.7,150.8,51.8,73.2,55.76666667,26.7,67.5,76
P11166,65.5,117,136.9,195.6,180.8,112.4,39.36666667,104.1,41.7,122.7
P04275,87.65,228.9,136.7,79.3,73.4,44.5,128.0333333,26.3,108,88.35
Q53GS9,85.35,148.5,136.6,98.8,48.2,40.9,102.5,19,72.3,63.8
P27695,98.5,150.7,136.5,138.8,42.4,20.7,64.13333333,44.3,46.8,126.75
F5H303,82.75,112.8,136.5,175.6,25.4,24.6,83.3,31.3,82.5,82.25
H0Y9H6,94.35,115.7,135.8,123.8,59,45.6,123.3666667,55.8,57.2,102
P02656,127.95,103.1,135.4,149.4,52.3,35.6,55.6,137.7,26,175.15
P02549,95.55,159.9,134.9,196.4,145.9,72.9,61.03333333,25.2,59.4,101.4
A0A087X2I1,97.1,139.3,134.1,117.1,30.3,67.3,91.16666667,32.3,52.6,106.65
Q9NZM1,85.75,223.3,133.9,101.2,32.2,43.6,132.4333333,57.9,63.8,102.5
Q5JR04,80.4,116.1,133.9,73.8,49.4,42.3,85.13333333,23.6,105.5,81.4
O43592,76.95,64.5,133.5,107,60.9,25.7,75.8,35.6,53.9,93.5
Q5T3Q7,100.3,93.4,132.8,106,37.9,43.7,71.26666667,22.3,87.7,75.7
E7ENY0,93.55,138.2,132.4,275.3,51.1,67.9,68.16666667,24.6,56.4,89.9
Q5JWF2,96.3,117.3,132.3,81.8,59,42,122.3333333,41.8,80.3,87
O00151,62.8,288,132.1,65.1,37.2,25.4,71.96666667,25.6,52.2,69.1
Q9NSE4,117.35,81.7,131.8,159.1,0,41.7,121.0666667,57.3,53.8,140.1
P55884,103.45,90.4,131.4,100.9,56,49.9,81.93333333,31.8,54.7,71.85
A0A4V7I447,107.9,192,130.2,132.7,68.1,51.7,66.86666667,65.5,49,133.05
Q13177,96.8,111.7,130.1,98.3,75.5,81.5,113.8,46.1,65.7,85.15
P04843,105.3,161.2,130,129.9,76.3,61.7,69.36666667,32.8,161,85.55
P08697,186.9,88.1,129.7,76.5,110.5,70,86.93333333,50.5,49.8,100.45
G3V2W1,106.1,130.9,129.2,108.1,63.4,49.9,81,38.8,74.6,138.8
Q9GZP4,86.6,142.1,129,198.9,68,7.8,73.43333333,54.8,59.1,116.85
Q8TEX9,77.95,109.1,128.7,128,38.2,52.7,98.03333333,27,116.9,100.15
A0A669KB52,106.45,147.2,127.9,79.1,45.6,37.2,116.0333333,78.3,47.6,104.25
P17900,113.95,159.1,127.8,87.9,0,54.2,150.5666667,55,77.3,76.3
H3BQQ2,112.8,151.9,127.4,77.1,70.9,38.3,75.83333333,40.1,28.3,55.25
Q09666,83.8,173.2,127.2,184.8,45.8,67,63.43333333,63.9,57.4,88.55
A0A286YEY4,49.65,88,127,93.8,32.6,113.7,165.9333333,21.7,57.9,148.55
P50552,87.85,165.6,126.5,61.9,40,24.3,105.5666667,68.6,51.6,105.25
A0A087WVZ9,70.15,110.6,126.4,77.5,26.8,44.7,66.16666667,18.9,64.2,61.65
C9JU00,88.2,119.8,126.3,66.3,87,323.4,43.83333333,28.4,170.8,54.45
Q15181,82.7,98.4,126,42.8,36,55.4,34.8,11.7,28.7,36.7
Q5SWX3,85.1,114.8,125.3,116.1,62.3,64.4,126.0666667,38.2,98.5,94.85
P0DSO3,67.65,75.4,125.1,53.1,51.2,47.3,38.06666667,45.4,20.5,70.6
Q13315,102.8,205.4,124.9,141.6,35.9,0,113,76.4,97.4,100.2
Q9UBU9,95.05,114.7,124.8,182,43.7,20.8,96.33333333,77.3,88.2,98.55
J3KN16,109.65,129.6,124.4,89.1,73.2,72.6,69.33333333,83.4,83.5,85.8
P02751-1,193.85,130.9,123.7,72.3,117,74.8,74.63333333,61.5,50.7,69.1
P07858,93.35,96.8,123.2,43.1,328,91.9,20.26666667,125.5,35.8,77.35
A0A2R8Y7U1,118.95,121.5,123.1,122.1,103.6,74.3,65.86666667,52.1,79.5,110.85
Q6P2H3,77.3,344.3,123.1,56.2,59.5,29.5,33.5,44.9,27.5,233.45
Q9Y263,93.25,206.9,123,97.9,37.8,37.6,78.4,37.6,65.5,127.05
Q8NCW5,84.4,101.7,122.8,61.9,39,32.8,67.66666667,19.8,99.7,49
P17858,132.45,169.7,122.4,80.8,53.3,64.9,84,29.5,60.4,143.25
B3KVN2,51.65,225.2,122,109.5,111.7,88.7,53.13333333,0,0,130.65
A0A3B3ISI2,102.7,102,121.9,152.5,31.9,53.1,104.2,31.6,97.7,126.3
O00566,81.95,106.4,121.7,112.6,26.3,43.1,83.93333333,23,86.9,78.2
Q13509,104.7,109.6,121.2,117.4,134.7,82.7,89.03333333,31,101.7,84.7
O43617,98.6,78,121.1,46.5,71,27.4,88.7,64.4,40.7,148.5
F5H077,121.3,142.6,121,97.9,45.4,27.5,121.8666667,40,58.1,84.3
Q9Y678,85.45,168.1,120.9,96.8,45.6,54.5,85.76666667,31.8,77.7,124.25
Q12792,100.15,138.3,120.6,127.8,64.6,72.4,75.4,32.5,64.8,140.05
H0YIQ2,0,153.6,119.9,195,77.3,0,124.2333333,84.5,177.9,63.85
Q13228,80.85,166.5,119.8,389,42.4,95.7,68.56666667,34.3,48.7,84.25
Q9UBB4,117.95,118.1,119.7,0,0,0,111.9,0,82,111.2
Q6IQ42,91.4,149.2,119.4,126.3,30.4,41.7,117.7,18.8,89.6,92.1
P31150,89.35,103.2,119.3,105.8,36.8,33.4,86.56666667,54.4,66.9,112.8
H0YCI4,82.2,127,118.9,122.9,55.5,47.5,57.33333333,24,59.7,73.4
Q16718,61.4,146.5,118.6,85.5,28.1,39.3,85.06666667,37.4,57.4,60.75
F2Z3K5,90.45,145,118.1,57.8,56.6,52.2,153.6666667,64.9,74.1,120.2
O15400,66.7,128.2,118,79.8,48.9,36,98.23333333,13.7,305.4,85.45
Q5T093,106.4,129.2,117.7,232.6,44.5,63,86.76666667,69.3,63.2,97.65
F8WF33,81.05,99.8,117.6,102.5,41.9,36.9,129.8666667,111.4,70.2,149.95
O95716,89.95,127.8,117.4,142.4,70,70.6,90.23333333,52.5,173.3,79.5
Q16555,94.6,191.7,117.1,100.3,51.7,60.3,107.3,44.3,79.1,109.75
A0A494C1A0,118.45,138.1,116,75.2,78.4,51.5,103.9333333,48.5,44.6,145.9
A0A0C4DH38,88.4,121.5,115.4,139.5,54.1,75.6,113.7,42.3,87.7,98.3
Q92878,80.25,120.9,115.1,99.7,51.2,69,106.7666667,40.8,96.5,119.8
P69905,116.95,199.8,114.9,170,66.7,43.5,50.63333333,84.4,24.5,139.1
A6NEP9,92.6,123,114.8,106.1,46.9,33.8,133.5666667,58.3,59,109.75
P15311,51.4,177.2,114.8,127.8,43.5,44.8,67.56666667,24.3,44.5,48.4
P02654,128.85,102.6,114.7,84.1,37.8,35.3,184.7666667,39.8,43.5,74.5
E7EWC2,139.1,121.7,114,102.2,52.3,49,109.7333333,38.2,116.9,104.85
Q7L5D6,68.2,103.2,113.9,77.3,54.3,91.3,87.23333333,56.6,44.6,105
P07225,106.2,114.2,113.4,135.1,132.3,169.3,71.6,34.6,92.4,85.45
Q14157-1,77.2,124.4,113.2,99.1,26.3,14.8,82.4,25.1,62.6,80.35
P09769,80.35,148.1,113.1,118.4,60.4,44.6,127.1333333,34.3,81.3,117.3
O75368,104.9,166.8,113,121.6,39.6,54.6,96.43333333,27.9,85.2,91.65
P01023,78.6,94.3,113,163.3,59.4,87,106.0666667,42.8,105.2,123.5
P11277,92.4,136,112.9,162.7,124.8,66,70.1,68,66.8,95.45
A0A087WVQ6,71.1,112.7,112.7,88.3,49.8,54.8,69.7,40.6,70.8,65
P11279,84.8,104.1,112.6,101,109.5,62.2,106.5666667,75.9,63.1,97.9
Q15149,86.9,126.1,112.6,146.3,63.4,123.8,78.26666667,41.2,86.6,83.7
Q15050,60.2,98.7,112.4,74.6,44.8,14.9,53.73333333,13.1,64.2,44.35
Q8IWA5,62.75,69.6,112.3,46.7,63.4,47.4,228.3666667,59.4,53.5,98.75
P36955,94,121.3,112.1,98,103.5,86.2,87.4,75,65.6,118.25
P36959,116.15,159.2,112,153.7,0,0,123.8666667,0,44.4,119.8
Q96M27,89.2,149.9,111.8,99.9,0,30.4,119.6333333,0,62.3,80.5
E7ENU9,74,173.7,111.7,58,322.9,44,54.9,52.8,57.5,83
P16157,77.95,102.9,111.7,178.9,102.2,68.3,67.36666667,40.7,61,67.75
Q13618,88.05,134.5,111.6,136.6,77.3,36.2,78.1,58.6,98.1,97.9
P60953,71.8,126.3,111.6,140.7,36.2,55.8,131.5,24.1,84.2,64.85
P23368,92.3,120,111.3,74.9,51.2,30.3,125.3666667,44.5,121.9,94.3
Q9NZD4,87.7,167.1,111.3,326.3,33.8,50.1,57.6,27.6,55.2,76.4
P01593,79.55,138.5,111,247.8,73,90,83.43333333,31.1,66.5,94.7
Q9UFN0,84.85,96.9,110.9,100,58.5,40.1,138.2,39.1,67.6,110.45
Q9HXZ5,98.55,96.3,110.8,158,55.2,35.8,157.4666667,58.3,68.9,78.9
P13716,98.95,120.3,110.6,202.2,72.5,78.3,73.23333333,39.7,65,99.6
Q13561,96,75.9,110.1,121.1,40.7,52.3,118.9,31.3,116.8,96.95
Q9Y2J8,85.05,101.2,110.1,99.9,44.9,42.8,118.7666667,29.1,121.6,84.75
A0A140TA32,81.25,105.6,110,138.2,58.9,106.6,81.7,51.1,134.3,140.45
P57740,103,157.7,109.9,117.1,64.3,36.2,113.4666667,54,62.1,91.75
H0YBE4,91.85,119.9,109.9,88.1,53.6,44.9,163.8,31.8,75.3,120.8
P32119,82.8,122.5,109.9,309,64.8,108.7,49.63333333,22.8,43.1,79.4
P62191,60.7,103.1,109.5,91.6,64.7,109.9,55.33333333,35.6,94.2,81.6
H0YI36,102.75,126.4,109.4,147.4,44,33.7,112.1333333,54.7,105.8,107.4
J3QRD0,82.25,88.4,108.8,120.8,46.4,55.8,107.2666667,48.4,61.7,82.75
Q9UJU6,103.2,104.1,108.8,108.3,77,104.8,68.83333333,54.4,76.9,118.3
P21964,96.95,108.6,108.7,103.9,57.9,51.2,131.1333333,44.6,74.5,103.4
P40763,140.2,109.3,108.4,153.5,0,47,102.6666667,43.5,166.4,77.7
H0Y2Y8,74.65,110.1,108.4,61.8,64.4,59,78.4,75.2,140.7,106.05
Q16775,95,119.5,108,205,83.5,65.9,88.7,24.8,78.9,83.55
P54727,80,101.6,107.9,106.2,38.8,41.6,117.7,28.8,70.5,106.2
A0A1B0GUS4,36.55,41.1,107.9,50.9,18.7,23.9,30.73333333,10.3,82,36.8
P21266,95.45,218.4,107.6,130.8,47.4,95.2,106.5333333,66.6,69.7,52.2
Q9BVP2,82.25,118.6,107.4,67.6,21.3,48.4,82.03333333,29.9,66.7,101.5
Q92598,70.65,108.1,107.2,77.7,45.5,57.5,46.66666667,19.7,55.1,65.85
E9PP21,94.25,140.4,106.8,83.6,73.3,51.8,85.5,70,159.3,100.7
H0YNE9,84.85,86.5,106.8,112.6,45.7,45.4,149.8666667,74.5,52.8,107.7
P38432,82.05,66.5,106.7,157.8,18.6,23.5,102.5333333,21,104,74.15
Q9NRR5,120,91.3,106.6,119.9,49.9,72,87,73.4,50.9,95.3
M0R080,67.75,112.9,106.6,104.2,42.8,53.9,59,28.5,61.9,84.5
F8VZG8,83.95,144.2,106.5,159.4,76.3,41.9,48.26666667,45.4,41.8,84.05
P47755,71.3,130.4,106.4,101.4,40.2,56.3,91.6,37,83.7,87.4
I3L192,77,106.1,106.1,102.3,29,35.6,131.3333333,20.1,88.1,177.95
Q8WZA0,82.35,108.2,106.1,119.1,52.4,38.2,72.16666667,29.5,84.6,74.45
Q6P4A8,137.1,85.6,106,45.9,198,170.9,86.13333333,70,69.1,82.4
Q9Y230,78.4,131.3,106,137.6,56.3,37.5,63.83333333,31.5,51.6,89.6
H0YBP9,82.65,118.4,105.8,126.8,47.8,46.1,107.5,65.7,89,80.25
P08603,79,106.2,105.8,115.1,69.5,108.5,119.5333333,35.2,99.8,107.95
P35637,58.1,82.6,105.8,21.2,26.2,25.6,30.7,14.8,61.3,20.8
P62805,106.5,80.5,105.7,116.5,80.6,148.1,62.8,127.1,89.1,89.85
P00387,91.6,101.4,105.7,190.5,131.1,85.1,65.6,42.7,67.4,78.05
P26447,111.6,134,105.6,53.4,102,31.8,119.5666667,119.3,43.2,111.65
P62304,78.25,74.1,105.6,102.4,45.1,42.1,85.36666667,53.1,79,86.9
P00367,79.8,98.2,105.6,166.6,62.8,79.1,62.9,43.4,66.1,104.7
Q02413,70.2,133.1,105.5,148,56.3,67.2,101.9333333,42.1,74.2,180.95
A0A3B3IS47,93.35,166.3,105.2,56.8,80.3,46.4,118.3,44.2,66.4,90.4
P07948,148.45,101.5,105.2,62,140.3,106,81.5,58,75.8,114.25
Q9P253,86.8,105.4,105.2,116.2,54.8,44.4,97.36666667,43.1,108.3,98.5
Q9Y265,80.5,114.1,105.1,192.5,37.4,64.3,68.4,25.5,75.8,86.05
P36507,103.9,157.5,105,116,68.9,54.2,106.0333333,37.1,83.5,101.2
P01768,80.15,78.5,105,163.2,112.1,120.6,105.4333333,43.3,59.3,113.1
Q5STX8,151,122.8,104.8,53.9,83.2,30.8,61.3,96.5,47.8,156.1
P45973,78.65,88.2,104.6,119.4,54,59.8,74.13333333,27.9,52.6,73.45
P00568,91.25,128.7,104.4,223.7,101.1,64.2,71.36666667,45.4,64.4,93.3
P02649,100.75,114.7,103.8,82.1,75.1,47.5,152.4,30.1,63.8,96.95
A6NDG6,77.8,90.6,103.6,127.3,39.8,47.9,91.63333333,23,72.2,72.8
P05543,77.95,95.1,103.1,85.6,85.7,86,136.4333333,46.5,69.9,143.25
P12270,69.4,160.3,103.1,130.5,40.9,0,78.6,36.3,63.7,100.5
H0Y368,111.3,149.1,103,113.9,55,49.7,136.0333333,28.5,104.1,90.2
P43246,65.55,99.4,103,84.5,31.1,33,85.5,19.5,76,83
P27169,81.8,75.8,102.9,228.1,177.5,113.7,54.4,39.9,142,117
Q8NBY1,120.35,87.1,102.7,48.3,61.5,58.3,94.43333333,64,63.8,97.1
A0A0G2JMB2,87,79,102.7,108.7,45.2,167.5,137.3666667,8.6,59.3,134.1
Q14166,95.55,145.6,102.6,96.2,52.9,25.7,132.7333333,44.5,59.3,98.1
P61011,92.45,162.4,102.6,77.1,44.8,21.3,81.26666667,26.6,62,84.95
B4DDF4,151.9,127.8,102.5,66.1,93.8,50.8,59.16666667,63.5,58.1,117.85
A0A075B797,61.4,83.9,102.5,112.9,31.4,38.4,93.06666667,29.6,65.7,79.1
E9PP50,114.35,94.5,102.4,113.7,69.4,86.7,114.7666667,72,77.1,88.7
P09972,88.1,99.3,102.4,209,121.5,86.5,49.1,37.5,52.7,72.25
A0A0C4DGW6,58.05,116.5,102.3,91.7,28.8,71.2,81.76666667,38,78.6,44.45
Q92616,94.9,91.3,101.9,123.6,95.5,65.6,76.26666667,35.6,95.9,77.95
Q9H993,81.85,131.5,101.8,81.5,40.3,46.4,100.2666667,29.7,56.5,102.95
Q92882,133.25,118.6,101.7,95,97.2,64,93.26666667,18.7,123.3,122.75
Q15019,71.8,131.6,101.7,103.6,58.5,58.2,70.7,58.2,48.3,88.95
Q86UX7,82.1,87.1,101.6,72,61.7,44,103.7666667,53.7,92.3,103.3
P62316,81.7,88.3,101.6,84.7,50.3,33.7,56.83333333,13,48.3,67.75
Q9H0A0,62.75,110.8,101.6,88.2,29.5,31.1,62.13333333,14.8,48.1,46.75
P13667,136.65,99.5,101.4,74.1,53.2,35.5,72.96666667,43.3,64.2,92.25
P19823,108.4,83.1,101.4,186.6,152.3,115.6,47.7,31.2,168.4,87.35
P01857,70.15,69.1,101.3,136.4,67,124.4,167.7666667,29.6,49.9,99.45
O75534,75.85,123.1,101.2,149.2,52.8,70.4,63.93333333,30.9,81.2,65.1
P14550,110.6,120.6,101.1,77.9,76.9,43.3,95.9,54.9,57.6,101.1
Q9UHY7,103.5,102.8,101,154.7,31.2,46.8,86.16666667,19.2,45.3,86.1
Q86Y82,81.65,136.9,100.9,116.7,38.8,29.2,121.5333333,45,91.5,90.65
V9GYM3,102.15,145.7,100.7,204,43.2,31.3,104.5333333,70.5,86.6,85.95
Q9GZS3,54.35,81.8,100.7,64.3,30.2,34.6,78,138.6,53.6,57.85
P23142,90.1,245.1,100.6,78.3,60.2,75.3,119.5,20.7,68.8,62.05
P33176,85.6,109.1,100.5,110,73.6,45.6,91.26666667,48.4,90.8,84.25
Q03252,88.9,126.9,100.5,122.9,40.3,47.2,75.23333333,47.2,66.7,104.3
Q9UHV9,67.05,61.1,100.4,91.2,42.8,39.2,122.8,26.7,36.6,99.5
Q92556,103.5,114.4,100.2,112.9,76.1,38.2,83.7,59.4,151.7,104.65
G3V1V0,103.95,124.4,99.8,124.1,94.8,115.1,87.3,39.6,76.7,107.35
Q13217,83.8,106.3,99.8,118.2,47.5,89.2,72.36666667,58.5,159.3,64.95
Q2G032,84.4,90.7,99.6,80.9,140.1,57.3,75.43333333,152.3,93.2,72.5
G3V1D1,105.9,187.4,99.4,90.3,43.4,53.8,160.9333333,22.7,127.7,53.95
B5MCY4,60.5,88.6,99.4,78.2,31.8,32.8,100.0333333,33.2,53.3,70.05
F5GYQ1,85.65,123.3,99.3,107,79,68.3,91.93333333,62.1,80.1,92.4
P55058,88.55,95.4,99.1,180.1,37.4,37.8,149.9333333,60.4,68.9,121.2
A0A024QZ42,78.2,130.6,99.1,88.6,50.9,34,138.1333333,39.3,60.3,81.7
Q8N163,49.2,85.7,99.1,78.2,32.4,43,56.76666667,21.9,64.5,64.3
P35858,102.95,111.4,99,108,60,64.4,102.3,62.4,166.5,77.9
C9JRZ6,82.2,94.1,99,39.4,67.8,90.9,56.16666667,30.1,58.8,54
P49748,99.45,110.2,98.9,97.7,54.8,65,97.7,78.8,72.7,102.7
C9JBF0,133.85,83.8,98.8,73.5,62.7,20.8,122.2666667,68.4,90.6,135.2
P31944,91.55,108.7,98.7,117,115.2,87.8,94.9,41.6,113.7,139.6
A0A0A0MS15,138,82.9,98.6,168.9,105.9,97.9,61.1,30.8,114,138.25
H0YD73,87,117.1,98.5,132.3,44.2,53.6,88.43333333,32.9,68.9,83.5
P05783,67.6,93.7,98.5,75,27.4,36.8,65.16666667,15,62.3,56.3
Q86U44,81.75,114.8,98.1,83,63,50.9,100.9,23.8,111.1,80.2
O75533,84.65,113.8,98,87,44.5,30.7,77.33333333,31.9,70,111.2
Q92820,78.85,97.8,98,205.4,39.1,30.7,109.7,49.6,94.1,76.25
K7EKE6,69.95,127.7,98,96.1,44.2,63.6,67.63333333,39.5,115.6,59.15
P54819,81.95,111.9,97.8,85.8,69,114.4,66.06666667,27.3,73.2,72.8
H3BRI8,74.7,72.9,97.6,86.6,36.9,45.1,121.3666667,18,56,103.35
R4GN08,84.8,96.8,97.6,115.3,94.8,60.6,82.2,82,110.7,114.05
P13807,129.65,98.3,97.4,67.7,63.7,59.9,123.8666667,70.8,73.4,96.05
P30520,88.45,101.5,97.4,101.5,78.8,64.3,74.6,43.9,82.6,79.1
A0A087WV45,93.2,87.2,97.4,135.9,64.9,68.3,83.66666667,69.5,53.6,101.15
P31942,79.95,82.4,97.4,74.8,32.2,22,57.93333333,13.8,43.2,45.05
Q99471,46.15,113.5,97.4,75.3,30.5,29.4,65.4,7.8,52.1,71.25
P05154,110.3,87,97.3,118.4,48.9,43.8,131.8333333,36.7,72.5,92.05
P19827,83.7,116.2,97.2,157.4,96.9,97.6,61.33333333,49,112.5,101.7
A0A2R8Y4M1,97.85,106.4,97.1,129.4,68.7,64.2,100.1,31.5,69.3,103.3
Q15172,104.2,90.1,97.1,146.4,58.3,56.9,108.5,52.5,83.8,107.8
P24941,62.6,137.8,97.1,70.8,19.9,35.8,71.5,38.6,34.3,75.7
A0A3B3ITK7,109.05,108.5,97,75.7,71.2,52.2,141.4333333,51.5,91.5,92.45
P00352,89.45,107.4,97,155.2,106,73.1,98.9,36.3,64.5,95.5
P11169,69.35,120.6,96.8,84.5,61.4,48.8,112.8333333,75.7,80,123.85
Q9NYL9,88.85,92.3,96.7,115.1,68.5,65.3,57.9,40.2,77.3,72.05
P16220,80.95,138.6,96.7,120.1,62.7,72.5,78.5,44.2,65.6,96
C9J1E7,76.5,100.1,96.5,142.1,56.4,45.1,83.06666667,29.5,71.5,85.4
M0R3F1,77.05,163.8,96.4,140.9,31.9,31.5,114.3,22.9,64.1,89.1
P61225,96.3,127.8,96.3,76.9,58.7,53.4,100.6333333,57.5,65.9,118.7
P50995,56.2,100.3,96.3,127.1,74,71.1,77.33333333,32.8,175.5,75.8
I3L397,64.65,98.9,96.3,90.1,27.4,32.3,35.86666667,4.1,48.9,80.85
P46459,86.8,105.7,96.2,78.3,42.7,44.3,123.5666667,106.3,72.3,118.15
Q14764,96.5,129.9,96.1,98.6,45,58.9,127,55.2,87.3,116.4
P56537,66.95,116.1,96.1,98.5,29.1,28,182.7666667,31.5,59.2,75.55
P28074,38.2,103.8,96.1,105.3,23.7,38.6,37.46666667,15.9,22.6,35.25
F8WDS9,103.1,106.4,96,104.8,78,85.7,94.36666667,44.4,97.7,100.4
P02747,78.7,105.5,96,84.1,78.7,72.1,131.8,53.4,80.5,114.1
P53621,89.25,119.8,96,110.5,64.7,65,84.4,60.1,71.8,82.65
E9PRZ7,95.6,94.1,95.9,97.6,60.1,68.3,131.8666667,64.5,100.5,113.6
P52907,72.1,86.1,95.9,125.8,76.8,78.5,58.4,25.4,53.9,62.7
P59665,190.05,58.2,95.5,9.4,121,31.4,99.5,264.1,40.5,83.4
Q8NF50,94.3,97,95.5,79.7,56.8,51.1,118.0666667,90,63,85.8
C9JF98,97.65,114.3,95.4,82.7,43,37.3,92.46666667,28.3,69.5,93.75
P56192,81.55,75.2,95.4,135.2,59.2,56,83.26666667,77.2,47.1,77.2
M0R061,72.15,95.5,95.4,91.3,42.8,38,52.2,15.8,57.3,56.05
Q13835,81.95,93.5,95.3,254.5,51.3,152.2,73.36666667,41.2,73.3,92.25
A0A0D9SF54,128.25,102.2,95.2,131.9,92.7,78.4,96.76666667,48.1,99.7,95
O00160,115.4,100.3,95.1,90.7,123.5,52.6,87.86666667,77.9,105,132.45
P01024,70.2,62.3,95.1,163,106.6,135.3,72.1,52.7,94.5,159.6
A0A3B3IS66,81.4,92.8,95.1,131.8,121.2,181.4,68.3,28.7,98.3,78.4
O14957,100.1,175.6,94.9,105.2,35.4,41.2,107.0666667,13.7,64.3,106.4
Q9UKD2,52.55,79.7,94.9,74.9,42.9,46,73.1,30.5,50.3,70.55
Q13098,80.55,107.6,94.8,172.5,35.6,38.4,80.43333333,31.6,41.5,65.05
C9JWV9,104.3,103.9,94.7,66.8,94.6,60.6,77.4,69.2,68.5,151.8
P02545,51.15,149.3,94.6,85,39.1,60.2,49.3,27.7,48.2,46.1
P48147,83.4,115.1,94.5,121.9,45.2,56.9,95.46666667,39.8,90.7,101.25
K7EIE8,55.4,124.6,94.5,115.5,16,16,68.5,18.6,45.5,53.95
O60493,81.1,107.7,94,100.4,65.9,48.9,61.56666667,49.5,70.5,72.25
P30419,79.65,109.8,93.9,117.7,54.7,64.9,103.4333333,34.1,65.5,127.35
S4R3G0,63.45,85.9,93.9,83.6,49.4,72.6,71.2,35.8,89.3,68.95
Q9NR45,76.85,106.4,93.8,154.1,42.6,102.7,75.7,39.7,54.2,109.05
P35579,116.45,143.3,93.7,87.9,92.6,63.2,80.63333333,84,65.6,116.4
Q14203,84.7,119.1,93.6,107.7,92,76.5,93.16666667,51.7,58.6,99.8
U3KPS2,99.35,92.3,93.5,90.5,115.8,60.3,62.53333333,102.2,95,172.75
P17174,65.6,96.2,93.5,63.6,40.2,48.5,95.23333333,30.4,51.7,77.75
P35237,85.8,96.8,93.4,142,103.8,69.2,101.7,39.7,69.8,90.15
Q9BVA6,98.75,96.5,93.2,94.2,87.2,81.7,112.4666667,35,72.1,136.75
G5E9R5,91.3,90.3,93.2,149.2,62.1,97.5,51.2,14.8,45,82.45
P15144,74.75,141.8,93.2,80.1,90.8,86,98.16666667,66.1,183,93.8
F5GXS0,81.8,76.3,93.2,302.7,50.6,22.2,69.96666667,59.9,325.3,60.65
P26640,81.35,119.5,93.1,48.4,37.2,27.3,161.3333333,48.3,31.4,89.8
E9PFH4,80.65,114.2,93,104.6,56.1,24.2,110.4,28.6,80.4,80.4
K7EK35,73.75,101.3,93,101.4,59.6,49,73.43333333,39,59.9,71.3
O95782,77.85,95.2,93,95.2,53.8,65.1,86.16666667,37.2,116.9,76.8
Q7Z6P3,91.05,115.5,92.9,110.4,27,0,141.8666667,22.9,95.1,92.95
H3BNK3,80.3,106.8,92.8,124,44.5,55.1,50.83333333,22.1,63.2,76.7
Q96IX5,86.7,112.4,92.7,103.5,84,77.1,75.03333333,60.9,97.5,99.85
Q9Y3A6,81.15,93,92.6,103,47.7,40,103.1666667,136.1,105.2,86.95
P13671,122,92.6,92.5,80,85.3,74.1,119.1666667,26.2,125,111.1
P20851,62.05,100.2,92.5,67.6,54.9,67.8,125.5666667,21.9,164.4,146.5
P10643,123.8,72.9,92.4,90.4,99.6,48.6,107.6333333,30.1,179.9,94.5
Q9Y5K6,55.35,82.8,92.4,121.3,34.5,51.9,61.1,27.6,55,54.5
Q9NPP4,117.7,93.9,92.3,69.6,62.6,20.5,156.2333333,82.4,59.9,121.7
O94776,74.3,90.4,92.3,120.6,52.7,61,76.73333333,36,137.7,86.55
C9JJV6,46.65,71.9,92.2,78.6,34.9,24.3,192.3333333,219,34.6,87.5
Q9UBE0,85.5,159.3,92.1,114.5,0,0,108.5,66.3,58.6,89.55
P02792,158.15,271.2,92,31.8,57.4,55.7,99.63333333,42.3,37.9,108.45
P30048,86,108.6,92,133.1,39.8,38.8,90.83333333,41.7,57,96.65
P41250,77.5,76,92,111.8,45.1,68.9,72.2,27,58.8,76.75
P02749,86.4,98.5,92,169.7,122,218.3,67.8,20.2,125.5,89.55
Q99715,62.2,488.2,91.9,54.7,33.8,34.2,108.7,29.8,56.8,53.5
P52788,78.75,200.5,91.9,90.7,78.6,59.5,75.36666667,0,146.6,52.95
H9KV45,74.95,85.4,91.8,81.8,90.6,58.1,61.6,31.8,101.5,57.55
P0DP25,116.45,104.2,91.6,87.2,86.7,49.4,64.43333333,67.5,33.4,138.9
K7EQZ7,109.25,106.2,91.3,78.4,45,38.6,154.9333333,59.6,59.9,128.35
P05546,97.75,95.8,91.3,104.2,122.9,89.9,84.33333333,71.1,95.1,126.75
P12111,68.65,185.3,91.3,57.8,43.3,57.5,139.1666667,43.8,241.8,53.6
Q01813,124.75,88.4,91.1,96.7,62.1,64.6,122.1666667,33,74.8,86.25
Q14152,76.95,100.3,91.1,74.2,49.3,39.9,83.16666667,37.4,51.9,83
Q13643,69.95,102.1,91.1,72.2,33.9,37.8,80.8,20.3,127,79.35
P29350,134.05,89.4,91,102.4,126.4,72,80.56666667,56.7,92.5,143.8
B0QZK4,100.65,85.4,91,58.6,80.4,66.2,77.16666667,96,78,97.3
Q96EP5,72.45,108.5,91,137.7,45.6,58.5,76.2,24.3,66.1,74.9
P15374,54.8,149.4,91,128.2,25.7,59.5,65.86666667,16,66.6,51.8
Q9NR31,68.65,123.3,91,140.1,52.5,132.7,74.83333333,33.9,112.8,87.3
Q92900,75.75,87,90.9,84.2,50.5,41.3,94.7,36.5,56.1,66.55
P52292,71.6,96.3,90.9,116.8,68.8,70.7,65.86666667,29.1,56.8,77.3
P00740,76.35,134.2,90.8,104.3,142.8,67.5,109.9333333,33.3,78.4,129.45
Q9ULZ3,127.6,100,90.7,109.1,60.6,36.2,118.1333333,86,49.6,139.8
P45974,71.45,109.4,90.7,162.1,81.6,77.9,69.1,30.4,99.5,96.4
P35754,123.55,114.6,90.6,81.8,152.5,76.7,92.53333333,53.3,76.3,95
Q13043,96.3,80.8,90.6,43.8,72.3,65.7,152.9,87.7,90.3,110.5
P78347,64.5,103.4,90.6,106.1,39.1,46.1,90.3,33.1,80.5,83.3
O43488,113.8,108.3,90.5,94.7,101.1,88,69.23333333,16.3,65.8,90.65
Q9Y6N5,79.1,122.5,90.4,101.3,57.6,35.9,144.8666667,80.5,61.5,105.8
Q86VP6,97.75,121.8,90.3,124.5,60,47.8,84.3,49.2,64,80.5
B4E1Z4,68.85,91.8,90.3,115.2,86.2,137.1,78.56666667,38.4,188.4,127.95
P02743,99.65,67.4,90.2,68,76.8,46.2,143.5666667,69.5,49.7,134.15
P31930,79.8,90.7,90.1,69.9,39.2,48.9,107.6666667,14.8,78,88.4
P80108,84.2,92.8,90.1,134.2,146.4,53.4,114.4666667,62.5,96.6,93.55
Q14204,85.6,110.2,89.9,86,41.5,34.7,117.9666667,33.4,62.2,106.55
Q9HBI0,88.1,109.4,89.9,112.8,69.2,58.3,112.2666667,35.4,100.4,87.15
P33993,74.45,87.4,89.9,56.8,78.7,47.2,89.63333333,34.4,43.7,69.25
Q15113,134.45,98.5,89.7,84.9,88.1,52.3,135.8333333,51.9,52.8,91.55
P43405,88.15,117.3,89.4,121.7,72.6,40,105.8333333,122.9,103.6,85.3
A0A024R571,104.95,90.4,89.3,95.8,91.5,66.7,81.86666667,76.9,98.3,99.1
P28331,62.95,101.8,89.3,74.4,59.3,43.7,141.8666667,28.1,76.1,75.7
O43852,63.05,116.1,89.3,101.1,42.7,58.2,85.5,29.7,69.4,62.85
P09871,69.95,108,89.3,112.9,42.6,103.6,131,22.4,103.1,134.65
P04196,185.95,108.2,89.1,87.7,132.6,87.9,86.33333333,28.6,85.9,85.1
A0A087WW23,76.25,98.3,89.1,64.9,67.3,43.1,173.9666667,135.6,45.5,98.55
O00571,84.8,97.7,89,84.8,44.9,48.2,69.43333333,36.5,49.6,80.95
H0YJG7,56.6,62,89,98,33,16.4,61.7,17.7,89.2,54.7
Q9BSJ8,79.05,119.1,88.9,82.3,0,44.3,113.5,0,71.2,77.3
P32722,88.05,81,88.8,66.4,35.6,37.5,218.1,19,30.1,103.1
Q9Y490,84.1,101.8,88.8,81.1,101.9,68,65.13333333,62.3,73.3,76
P27635,43.55,89,88.7,78.8,16.3,42.9,46.76666667,0,65.6,62.55
P00748,73.7,94.1,88.6,145.8,55.6,107.1,111.5666667,56.9,84,111.05
P01834,78.65,72.4,88.6,111.6,66.8,134.9,138.5,25.8,63.8,128.75
P43353,106.6,138.8,88.5,179,95.6,57.2,101.8333333,60.6,65.5,100.25
P07355,63.45,92.8,88.5,176.9,50.4,176.3,62.03333333,33.7,59.2,73
O43747,113.75,134.1,88.4,106.6,22.2,31.6,100.1,41.9,56.3,110.45
P12814,99.95,95.4,88.4,101,90,85.8,91.26666667,48,83.2,103.65
E7EMG9,84.2,86.4,88.4,67.6,210.5,69,49.56666667,118.5,49,195.6
P48594,77.9,85.7,88.2,144.3,59,85,74.56666667,37,80.5,213.65
P26639,68.1,130.1,88.2,120,33.9,34.2,61.8,21.1,41,72.65
P51659,82.75,104.2,88.1,109,64.4,85.2,78.3,38.6,70.1,85.2
Q14258,80.55,96.5,88.1,105.7,56.5,62.5,138.3,66.1,103.7,77.65
P43652,80.7,127.4,88,105.4,76.7,84.1,114.4,60,102.1,86.05
P23469,98.15,84.9,88,103.9,80.2,71.4,122.1,79.3,141,103.75
V9GYM8,73.35,128,88,76.9,47.9,50.2,126.1333333,24.2,89.3,103.5
B7Z3Z9,123.15,80.1,87.7,52.6,101.8,36,94.36666667,122.9,77.3,150.8
Q9NZT1,91.65,77.2,87.7,96.8,87.7,76.9,54.03333333,56.7,115.9,163.25
Q8WXX5,67.9,106.3,87.7,76.8,46.6,35.2,82.8,32.1,60.4,83.95
P07384,78.45,108.3,87.6,126.8,85,57.7,82,58.7,73.6,98.6
P58107,85.25,93.7,87.5,153.7,41.6,136.6,79.2,22.5,79.6,89.85
P00747,136.4,80.8,87.4,78,95.4,125,78.63333333,55.9,100.9,107.8
H3BND8,61.6,88.9,87.4,74.5,68.1,46.4,56.63333333,31,55.8,48.85
P49795,112.45,102.3,87.3,115.1,59,49.8,119.9666667,42.3,125.7,139.45
A8MXL6,88.75,97.5,87.3,43.2,27.2,31.9,202.4,48.4,35.1,89.8
A0A087X253,87.9,121.6,87.3,84.3,43.3,33.8,125.4666667,38.4,73.2,89.45
Q01082,92.9,158.1,87.2,100.4,67.7,56.9,120.0333333,67.9,70.8,116.5
P30084,79.3,100.5,87.2,101.8,79.6,51.6,105.3,58.7,59.3,98.45
Q06323,83.2,99.3,87.2,131.5,78.7,48.1,97.36666667,42.6,81.1,83.8
Q13492,96.6,94.5,86.8,69,37.7,22,79.63333333,50.9,46.5,89.35
Q9UJZ1,39.8,83.6,86.8,80.8,0,0,29.26666667,0,0,12.1
P13798,76.3,89.5,86.7,146.2,115.5,47.9,71.53333333,63.7,75.9,105.9
P43034,96.1,129,86.6,93,104.4,51.2,68.06666667,82.1,80.1,87.75
Q9Y617,58.9,125.8,86.6,71.7,0,36.6,61.26666667,11.9,72.6,79.15
P04792,68.15,73.7,86.6,148.6,64.1,99,63,20.1,62.1,54.9
P53004,110.45,116.8,86.3,94.2,106.3,40.9,92.76666667,50,67.2,103.9
Q13636,107.75,94.9,86.2,79.5,84.8,48.2,122.1,57.1,83.6,122.65
F5GZQ3,64.8,90.3,86.2,158.2,38,57.8,66.8,24,83.9,81.3
Q9H0U4,80.75,68.8,86.1,89.1,83.6,56.1,117.5333333,78.8,45.3,117.05
F2Z2Y4,94.25,98.5,85.9,83.9,121.5,73.9,76.56666667,70.5,98.7,118.4
P62633,81.15,80.6,85.8,124.6,50.5,55.1,109.8333333,29.6,57.3,97.8
P05023,73.85,114.5,85.8,138.1,62.4,63.3,83.73333333,34.1,72.2,77.25
Q96QA5,113.1,103.7,85.7,146.7,46,103.5,54.9,39.8,75.3,164.15
K9J957,57.15,112.7,85.6,72.9,36.4,32,60.4,32.3,40.1,61.05
P46940,110.8,108,85.5,69,99.2,57.7,79.93333333,74.3,78.5,118.15
K7EKQ5,75.65,93.8,85.4,80,31.5,23.2,165.1666667,20.5,116.8,139.15
P34897,76.3,109.3,85.4,77.6,52,43.8,74.83333333,46.3,67.1,68.7
O75643,80.25,98.2,85.4,111.9,55.4,39.1,75.1,46.4,57.1,85.2
E7EX73,86.75,117.5,85.2,85.2,25.6,36.2,96.76666667,29.4,50.5,99.9
Q8TCU6,151.5,104.8,85.1,82.3,59.3,20.6,113.3,48.8,83.4,145.4
O75563,97.95,141.4,85.1,60,68.7,33.5,146.4666667,77.2,64.8,115.8
Q13596,90.2,121.8,85.1,101.1,50.3,52.6,111.7,44.2,59.9,92.8
Q96F07,107.1,88.9,85,97.2,71.5,38.7,124.8,40.1,84.4,130.05
P04003,69.85,88.7,84.9,81.6,54.4,67.4,134.8666667,40.8,150.8,144.7
A0A075B6R9,48.5,93.3,84.9,137.5,31.3,125.3,90.33333333,25.7,109.1,218.7
P55060,77.85,98.8,84.7,96.8,52.1,34.5,83.5,38.3,52,72.15
P31939,70.25,111.4,84.7,67,64.4,56.1,59.3,25.9,70.4,55.05
Q9UHD8,66.7,88.2,84.6,81.8,70.7,59,57.56666667,65.8,66,57.75
O95831,73.95,94,84.5,145.2,44.3,62.1,77.43333333,40.6,59.4,82.25
B5MC59,65.65,118.2,84.5,89.2,30.3,30.7,101.8333333,23.9,99.9,72.15
E7EQ64,75.5,87,84.5,125.9,128.8,156.6,59.06666667,231.6,71.9,71.95
P11908,67.25,127.3,84.5,105.5,49.4,35.7,79.56666667,47.6,117.4,75
O15145,80.7,102,84.5,117.6,161.4,81.9,94,55.9,107.1,99.6
A6NFX8,63.3,117.5,84.4,110,67.3,49.2,91.66666667,49.2,59.4,82.1
P01780,72.55,73,84.2,126.5,85.2,136.1,76.7,32,107.9,201.7
A0A087WW87,65.05,60,83.9,93.1,48.4,105.9,175.3333333,23.1,49,151.95
H3BRV9,61.65,88.3,83.9,151.3,67.5,75.1,60.7,34.4,70.2,66.95
P50570,63.6,120.2,83.8,98,82.2,53,78.93333333,49.6,72.8,84.25
Q9I4F9,51.75,88.9,83.8,93.9,36.4,31.1,237.1,24.2,60.9,50.35
P00734,89.2,65.1,83.7,75.6,372.8,156.2,50.06666667,38.1,123.4,54.9
P78527,89.05,89.6,83.6,70.2,50.8,37.5,94.43333333,72,60.8,86.55
P49588,60.55,96.3,83.6,109.7,37.7,42.5,96.6,22.2,63.8,74.15
J3KR44,79.4,91.2,83.5,81,97.5,40.8,82.26666667,66,72.3,165.65
G3V4T2,63,87,83.5,76.8,35.5,46.5,74.93333333,23.1,83.8,91.6
P67870,85.55,102.6,83.4,92.6,62.3,61.6,101.3666667,31.1,86.1,83.7
P13796,98.25,100.4,83.2,80.4,85.1,53.2,105.9333333,70.9,72.3,128.45
P62241,70.3,97.2,83.2,87.8,47.5,39,69.56666667,39.9,53.7,67
A0A2R8YCW8,75,108,83.2,327.6,79.2,66.7,70.73333333,29.9,71.9,70.05
Q15029,73.8,97.7,83.2,135.1,94.1,63.7,90.53333333,27.3,107,67.2
Q9Y5B9,72.95,96.9,83.1,113.6,61.6,83.4,93.16666667,34.1,91.2,86.4
O95379,90.3,76.6,83,64.1,93.3,56.4,107.1333333,68.6,80.3,96
Q9BXP5,80.45,82.5,83,82.1,94.4,73.1,70.3,36.1,116.2,61.7
P49755,107.4,123.4,82.9,84.7,85.7,67.7,92.03333333,81.5,66,174.5
A0A3B3ISX1,71.1,106,82.9,71.2,30.6,21.7,86.96666667,27.6,30.1,113.8
Q9NZI8,55.8,86.8,82.9,80.2,51.4,46.5,64.86666667,28.3,59.4,59.7
Q9UBV8,91.45,110.4,82.7,94,40.1,35.6,156.1,45.7,76.6,107.05
P49915,63.5,109.4,82.7,83.2,39,34.7,64.4,29,55.8,66.35
P22087,57.45,105.2,82.7,76.3,74.4,47.8,71.7,34.3,57.6,72.95
P55083,47.3,72,82.6,57.5,34.9,25.4,208.8666667,62.6,220.1,71.4
P18428,103.65,91.7,82.5,96.2,44.6,32.7,115.7666667,20.2,83.2,171.4
P15924,89,74.7,82.5,245.5,55.4,203.2,61.73333333,35.9,66.7,114.2
O75947,78.1,88.5,82.5,51.8,136,53.2,67.83333333,63.8,44.3,85.9
P49736,71,89.4,82.5,74.9,49.7,61.7,85.6,34.8,56.7,65.35
P51149,88.75,79.8,82.5,78.2,85.8,65.8,84.73333333,93.2,71.2,85.4
K7ESE8,60.35,101.1,82.5,89.7,114.1,84.3,90.26666667,79,63.4,72.8
O75165,119.25,87.5,82.4,69.2,54,30.4,146.1666667,50.5,66.6,134.35
P38606,98.4,109.5,82.3,59.7,75.7,38.5,108.5,67.4,70,113.2
O14980,75.3,86.2,82.3,62.3,44.4,48.1,62.2,28.8,53.3,68.8
P36578,65.35,111.6,82.3,73.5,44.4,48.6,65.23333333,33.9,48.5,63.8
P06727,116.5,83.8,82.2,144.4,69.3,98,95.76666667,113.4,54,104.95
Q8WYA6,82.55,89.7,82.2,140.8,37.6,40.6,86.26666667,40.4,66.1,68.85
Q12907,116.8,105.4,82.1,56.2,89.8,49.8,71.8,111,112.6,131.65
E9PK47,106.45,115.9,82.1,130.2,93,71.6,93.6,86.1,92.5,121.05
P51159,89.25,86.2,82.1,76.3,69.5,46.4,124.9,70.4,155.6,110.15
G3V1Q4,78.15,114.7,82.1,122.7,62.1,58.3,93.73333333,45.5,70.1,79.1
R4GN49,113.45,36,82,207.5,39.2,243.7,79.63333333,23,50.5,104.75
P21283,108.8,145.6,82,80.1,47.9,35.5,122.8333333,25.4,70.1,95.1
P07237,89.55,100.1,81.9,86,89,73.7,80.93333333,106.3,88.8,106.7
P00738,44,64.6,81.9,221.4,46.3,215.3,72.16666667,67.5,95.7,161.7
A0A087X2J2,94.95,80.6,81.8,77.6,54,45.6,133.7666667,105.7,45.2,116.05
P14780,67.85,97,81.8,64.6,68.6,40,157.0333333,50.8,132.7,120.05
O95466,145.5,104.5,81.7,62.7,82.9,35.5,141.8333333,49.8,105.4,113
C9JIG9,91.75,112.4,81.7,84.9,54.2,44.9,116.8,60.9,70.5,108.25
Q16401,77.85,138.6,81.7,95.8,47.3,12.6,65.23333333,13.3,57.8,99.2
O15371,55.75,57,81.7,71.2,27.2,35.2,59.8,7.3,44.8,56.8
A0A087X0K1,92.8,109.3,81.6,89.6,76.3,61.8,74.43333333,92,62.7,126.7
B7ZKJ8,90.95,86.2,81.6,146.9,75.5,105.4,86.13333333,44.2,124.3,121.3
B4DPQ0,87.4,107.9,81.6,102.2,96.9,72.6,135.0333333,60,76.1,120.95
H0Y3U8,65.05,109.1,81.6,88,46.1,53.4,142.7333333,42.6,129.5,104.8
E5RI99,51.7,81,81.6,58.3,29.9,33.6,76.16666667,21.2,53.1,74.3
P00450,94.5,54.1,81.5,105.4,107.5,89.2,78.13333333,43.7,96.2,206.4
F5H6I7,97,131.9,81.4,94.7,82.3,62.1,106.4,76.3,75.7,101.75
H0Y8C6,68.9,89.3,81.4,134.8,50.6,65,105.3333333,28.1,83.8,72.5
Q9NUQ9,113.05,87.5,81.3,87.5,55.3,37,127.6666667,48.1,72.8,115.5
P14923,71.4,81.4,81.3,266.8,45.8,241.6,63.5,37.2,89.9,90.75
P61026,63.4,90.7,81.3,108.7,58.9,40,87.43333333,43.3,84,85.45
Q8TD55,92.25,98.3,81.2,58.8,58.2,36.8,175.8,77.9,71.4,81.7
P27824,94,117.4,81.2,76.6,91.6,82.3,99.16666667,96.3,96.3,128.65
P61158,92.6,80.5,81.2,75.6,133.7,74.1,72.1,73.6,82.7,104.75
P02790,70.55,87.2,81.2,118.7,56.7,107.6,122.4666667,41.6,114,114.2
P51858,74.5,88,81.2,68.8,87.3,55.7,42.03333333,106.9,24.7,104.75
O75113,88.25,151.3,81.2,115.4,64.3,59.1,100.8666667,53.7,157.4,106.55
P51991,56.6,95.4,81.2,62,34.2,35.5,65.56666667,18.9,45.5,59.6
Q14315,55.85,107.6,81.2,105.5,74.8,56.4,44.53333333,30,49.2,57.1
O76094,82.45,93.7,81.1,89.8,66.6,64.3,76.26666667,45.6,66.9,97.7
H3BQZ7,81.4,74.2,81.1,81.4,57.6,55.6,79.7,23.2,67,50.1
A0A087X0S5,60.7,119.5,81.1,46.5,34,51.1,175.8,51.9,261.5,55.1
A0A087X2I5,94.6,107.3,80.9,68.9,46.4,32.5,40.76666667,0,84.2,89
O75083,75.5,78,80.9,84.7,142.6,65,78.83333333,92.1,75.6,101.75
Q12874,67.2,80.3,80.9,77.9,45.8,44.8,55.96666667,30.9,47.6,57.5
O43776,75.8,80.3,80.9,100.2,48.7,64,61.56666667,33.7,53.2,77.3
Q9P258,57.55,69,80.9,72.4,51,54.2,57.4,35.6,53.2,52.3
P19652,69.7,101.2,80.8,84.2,91.3,94.5,115.9666667,50.8,90.1,163.25
A2A274,74.05,98.8,80.8,145.1,37,51,74.33333333,25.8,103.2,70.5
P14406,93.9,107.2,80.7,80.6,53.1,39.8,89.26666667,52.1,57.2,67.2
A0A087WY61,99.45,137.6,80.7,71,57.8,38.8,71.76666667,31.1,46.5,88.6
Q6NZI2,88.35,106.4,80.6,60.2,35.7,35.9,184.6,23.8,70.8,98.85
O00231,92.6,98.4,80.6,81.5,45.1,51.6,67.16666667,35.6,63.2,85.45
O75874,90.7,94,80.6,110.6,86.3,38.3,89.33333333,52.4,88.4,82.4
A6NHL2,67.65,84.2,80.6,76.4,46.5,42.4,99,29.6,51.4,63.2
K7EQA9,75.2,146.2,80.6,97.3,37.7,20.8,69.4,37.4,51.8,96.95
P16401,159.55,92.7,80.5,63.7,137.9,57.5,53.63333333,177,37.5,133.45
O14818,69.85,78.9,80.5,99.5,68,50.8,59.83333333,38,62,64.95
K7ELL7,62.9,65.1,80.2,41.4,61.8,30.8,39.43333333,40.6,41.9,61.5
Q9HT61,106.55,98.6,80.1,50.6,19.4,14.4,199.7333333,11.5,32.2,128.85
Q96I99,79.15,101.5,80.1,145.9,54.5,76.8,88,78.7,63.7,60.35
H3BPJ9,63.5,101.6,80.1,60,45.5,59.7,85.5,74.2,67.8,68.25
P61513,56.85,72,80.1,63.3,48.6,42.4,79.73333333,28.8,68.4,55.5
P42704,76.9,79,80,98.4,52.1,52.3,69.2,42.8,60.3,65.25
Q9Y5K5,59.35,89.4,80,100,35.2,37.6,71.73333333,25.8,62.1,66
P04217,71.35,85,79.9,229.2,65.8,143.2,92.73333333,42,150.6,88
P84095,75.5,110.1,79.8,128.5,45.1,62.2,132.3333333,32.7,78.1,102.35
P00505,64.55,95.5,79.7,108,37.6,37.4,90.63333333,21.2,44.4,71.8
Q9UQ35,141.5,83.1,79.6,54.9,113,50.7,80.23333333,34.4,141.5,104.1
P00492,81.45,104.1,79.5,121.5,72.8,45.7,72.1,46,58.9,124.85
O95816,66.05,99.2,79.5,86.5,60.2,47.7,82.26666667,25.3,81,64.55
Q14254,107.05,102.1,79.3,96.2,74.6,60.6,148.0666667,20.9,121.6,105.7
P37802,52,87.9,79.3,118.4,37.8,67.5,57.76666667,36.5,40.8,46.1
P84090,73.45,71.2,79.2,64,60,51.8,62.46666667,65.4,42.7,77.25
P27708,75.95,82.7,79.2,101.7,73.9,61.2,64.23333333,24.5,66.4,49.3
P31949,92.5,89.7,79.1,62.7,69.9,50.1,141.1333333,97.1,51.1,114.45
H7C0V0,69.65,136.8,79,70.4,26.8,54.1,109.0666667,53.7,58.3,100.8
P46109,65.5,93,79,102.9,43.9,47,51.83333333,27.6,175.6,47.8
Q9BZZ5,85.25,122.5,78.9,96,59.2,38.8,120.8666667,39.4,76.9,92.3
P68366,71.2,68.9,78.9,72.5,42.3,69.9,71.06666667,35.3,50.9,62.95
O43175,77.15,86.4,78.9,137.6,50.1,60.8,95.06666667,22.6,46.8,71.3
P54577,60.45,85,78.9,71.2,36.7,40.4,65.36666667,23.1,74,65.8
P08133,115.15,96.2,78.8,66.6,134.5,63.8,83.43333333,119,169.5,91.95
E7EUC7,84.75,100.7,78.8,78.8,56.2,47.1,131.7333333,97.1,65.9,105.95
A0A1B0GVU9,72.9,101.2,78.8,74.5,65.9,47.7,94.33333333,53.2,87.3,94.25
P13010,62.05,87.8,78.8,89.6,47.9,47.1,71.83333333,38,67.5,67.6
F8VXU5,67.7,75.1,78.8,67.7,96.9,43.4,93.13333333,91.1,73,90.65
P50914,67.6,97.5,78.8,91.7,43.3,78,76.33333333,31,65.9,59.9
O15511,105.7,102.6,78.7,55.2,115.1,111.9,105.8666667,69.4,80.7,120.95
F8VSD4,83.85,89.6,78.7,112.5,61.2,46.6,55.1,32.4,55.2,74.8
Q08211,66.05,83,78.5,81.3,52.5,45,60.93333333,33.7,49.1,61.25
F5GY90,53.65,86.1,78.5,105.8,50.9,79.7,45.1,22.5,45.9,56.95
P80511,162.6,56.3,78.4,42.8,130.6,39.8,138.5333333,135.4,59.1,70.95
Q92522,133.15,131,78.4,79.4,124.4,38.9,57.46666667,95.2,28.1,164.2
Q9HAV4,53.9,69,78.3,81.4,13.5,46.6,63.13333333,14.9,50,52.55
Q13347,52.5,93.4,78.3,80.2,51.2,34.9,51.56666667,31.2,45.2,57.8
P14625,91.85,122.7,78.2,81.9,72.4,65.5,68.36666667,76.7,57,72.4
C9JHP4,79.4,83.2,78.2,74.4,38,39.8,120.3333333,20.3,41.4,89.95
E9PCM6,92.55,87.2,78.1,60.4,65,50.4,138.3,63.8,112.6,101.75
Q99459,66.85,102.9,78.1,56,63.4,27.6,89.9,34.9,53.9,91.7
P35232,64.05,71.1,78,68.6,52.9,50.5,79.83333333,37,57.6,76.95
Q96GA3,61.6,76.6,78,50.5,38.4,60.4,65.46666667,22.4,54.7,80.25
B1AK88,102.2,78.9,77.9,55.9,117.4,56.4,75.33333333,84.6,45.4,158.05
E9PBS1,59.75,94.5,77.9,80.5,43.4,47,81.2,23.9,52.4,61.65
Q09028,55.75,99.9,77.9,86.7,36.3,42.2,41.2,23.8,33,39.35
P48735,110.3,106.5,77.8,66.8,70.3,51.3,107.0333333,62,99.8,131.1
P16930,78.65,102.1,77.8,106.4,61.5,44.8,98.2,87.3,69.5,88.55
H0YM48,50.8,63.7,77.8,215.8,36,78.5,114.3666667,29.2,204.6,114.8
P61160,73.8,103,77.7,110.6,86.6,74.1,73.93333333,59.2,100.8,85.2
H0YFD6,68.65,101.3,77.7,89.4,66.8,66.8,57.6,45.9,79.4,60.65
P05771,70.55,95.4,77.7,70.6,67.9,86.1,76.1,32,89.4,72.8
O14950,97,89.6,77.6,91.9,141.6,83.7,62.06666667,92.6,99.8,150.9
Q16186,44.2,56.8,77.6,33.4,102.6,32.4,37.56666667,149.6,30.7,51.1
O95352,95.1,98.6,77.5,55.6,46.7,39.9,183.2333333,30.6,61.2,95.9
P55010,66.5,77.3,77.5,79.1,45.1,46.9,66.16666667,19.9,53.9,58.65
Q6P2Q9,97.7,97.4,77.3,94,25.9,47,64.13333333,43.1,56.2,61.55
P21333,76.95,86.4,77.2,94.9,104.4,91.6,76.53333333,52.6,73,82.2
P07358,68.35,77.9,77.2,107.1,66.4,40.3,79.06666667,25,105.8,277.2
Q05655,132.8,81,77.1,62.4,114.4,49.7,105.2333333,118.7,94.6,88
H0YMG7,53.75,76.8,77.1,86.9,43.9,50.2,58.56666667,31.5,66.3,64.45
Q92841-1,68.05,103.4,76.9,85.1,40.3,66.1,98.83333333,30.4,92.3,66.35
O43707,70.5,82,76.9,113.5,80.4,81,59.36666667,28.7,60.4,91.05
J3KR24,62.7,72.9,76.9,90.2,51.8,56.2,55.26666667,33.4,51.6,59.45
Q15631,69.6,90.6,76.8,73,73.8,64.8,74.06666667,56.1,106.8,81.95
P08253,84.1,101.6,76.7,67.3,56,74.5,141.0333333,62.9,129.9,83.2
Q96I24,71.55,87.4,76.7,67.1,36.4,45.4,104.3333333,32,61,68.8
Q7KZF4,60.55,93,76.7,77,56.8,51.2,67.56666667,36.2,59.9,68.4
P11215,68.55,86,76.5,78.4,100,64.1,137.3333333,47.3,99.3,84.65
O43765,69.2,105.1,76.5,112.4,63,44.2,92.06666667,38.1,78.3,82.25
A0A3B3ISU0,64.1,85.9,76.4,190.1,31.4,77.1,56.66666667,17.5,489.6,72.8
B4E0K5,94.15,89.3,76.3,88.4,80.9,38.9,115.4666667,51.9,127.5,105.2
A0A0J9YYL3,64.65,122.6,76.2,93.8,36.5,46.7,63.2,18.9,51.4,48.6
P62277,57.1,86.6,76.2,87.1,45,58.8,54.26666667,34.4,52,48.35
J3QQQ9,65.7,70.2,76.1,72.7,70.4,39.1,34.36666667,24.1,24.5,51.8
P54578,70.2,75.7,76.1,98.7,78.8,58.3,66.36666667,22.6,63.4,75.95
Q9Y277,57.75,79.5,76.1,86.5,58.4,50.1,87.96666667,57.1,69.5,95.35
K7EQA1,53.25,105.1,76.1,60.2,42.3,38.6,63.76666667,35.5,53.3,60.25
Q9BQ67,66.75,100.9,76,122.6,33.6,52.6,82.2,28.1,90.7,60.75
G3V2S9,60.45,72.6,76,72.1,48.6,57.5,56.46666667,35.1,63.5,61.6
A0A0B4J231,58.8,66.1,76,167.3,89.4,237.2,87.03333333,29.5,107,83.55
P38646,66.15,76.9,75.8,61.3,59.5,53.6,59.36666667,37.9,55.3,61.45
Q8WUM4,65.1,84.3,75.8,82.4,54.4,70.3,87.73333333,44.2,83.1,93.4
P20073,81,88.5,75.7,113.8,87,55.6,81.9,54,95.2,82.45
Q9Y333,64.6,78.7,75.7,60.2,50.5,27.4,69.23333333,40.1,54.2,49.9
D6REY1,98.45,97.4,75.6,112.3,36.4,43.5,176.1333333,40.2,56.7,120.35
P36406,94.3,114.9,75.6,83.1,51.8,55.3,124.4333333,93.5,67.7,83.45
P22894,66.25,92.4,75.6,72.3,52.6,43.5,105.1666667,117.2,127.2,153.55
A0AVT1,72.95,90.9,75.6,74.9,31.7,89.9,83.03333333,19.6,69,58.75
P54136,54.2,90.5,75.6,80.8,54.6,50.9,85.1,37.1,86.7,58.75
E9PLK3,105.25,94.3,75.5,97.1,87.3,73.9,96.46666667,51.9,71.8,111.75
A0A087WTA8,40.3,99.5,75.4,33.5,35.6,29.5,79.4,47.4,553.3,55.85
P61224,64.2,68.3,75.3,90.7,101.9,81.5,65.3,62,117.5,67.55
P62195,74.7,90.6,75.2,100.2,44.5,63.5,106.1333333,45.5,63.1,68.2
A6NKB8,113.4,99.9,75,80.7,122,59.8,67.53333333,74.3,63.2,107.35
O43242,66.6,72.3,75,92.9,58.6,51.4,88.66666667,61.6,63.3,95.2
P05120,89.45,60.5,75,106.8,54.8,463.9,62.7,31,61.3,84.4
O75531,67.55,94.1,75,77.7,43.7,29.8,89.96666667,22.7,63.9,64.45
A0A087WW43,146.45,88.6,74.9,99.4,62.1,59.6,128.8666667,29.5,72.7,93.8
Q7L5N7,118.95,98,74.8,85.1,44,50.6,167.8666667,44.6,89.8,92.25
Q9UJ70,92.7,89.4,74.8,69.3,64.1,37.9,159.1,63.6,74,114.45
P29622,71.25,84.1,74.8,106.8,37,39.2,222.7,47.4,58.5,78.9
O43615,87.35,108.7,74.7,114,27,25.7,73.93333333,35.6,53,92.85
P41439,56.9,84.6,74.6,61.3,57.7,53.1,65.9,73.9,82.5,279.05
O95810,60.75,78.5,74.6,136.9,58.6,38.6,71.36666667,23.9,49,45.15
Q96QK1,102.15,84.7,74.5,90.8,82.8,53.7,99.7,46.1,67,86.35
E9PNJ1,72.8,75.2,74.4,85.3,65.1,53.1,144.0666667,67.4,104.1,123
Q16629,73.95,89.1,74.4,87.1,62.5,50.1,45.6,45.7,43.9,71.45
Q9NTZ6,63.55,79.2,74.3,60.3,44.8,29.9,57.3,25.2,35.2,57.75
P18206,63.8,100,74.3,80.6,59.9,57.7,74.63333333,39.7,67.3,64.55
Q9UHD1,53.95,65.3,74.2,99.1,42.5,27.4,37.46666667,5.8,43.3,41.3
P19878,118.05,74.7,74,75.3,88.9,46,120.7,114.9,84.5,101.35
P11021,65.55,97.2,74,91,76.8,69.1,68.23333333,56.3,74.4,68.15
P21810,54.6,108.6,74,68.1,56.1,42.4,62.36666667,26.8,566.2,52.25
P51692,89.2,77.8,73.9,62.5,62,33.1,58.2,29.9,73,87.15
P12956,65.8,81.9,73.9,77.6,49.6,41.6,64.46666667,41,49.6,72.1
P51884,59,161.9,73.9,68.3,69.1,91.4,65.13333333,36.9,473.3,63.85
P50225,123,87.6,73.8,88,75.5,46.6,126.3,104.5,59.6,80.7
P05089,77.7,73.8,73.8,155.4,92.1,127.4,56.6,109.1,86.5,67.4
Q15393,58.25,84.5,73.7,71.5,34.1,39.4,87.6,18.2,63,65.65
Q9UM07,200.8,52.1,73.6,78.6,82.1,43.4,71.76666667,116.8,72.5,148.15
Q15907,68.05,66.2,73.6,86.5,115.8,85.1,66.1,53.2,72.9,77.75
Q92973,70.5,87.7,73.5,83.1,43.1,51.7,80.9,30.1,61,75.3
P49327,63.1,92.9,73.5,94.8,40.5,44.4,81.66666667,31.6,66.4,69.15
Q99714,55.3,77.4,73.5,78.8,48.5,50.6,87.73333333,34.8,84.6,76.45
E9PQD6,57.2,89.1,73.5,85.3,57.7,54.7,65.46666667,26.3,42,344.25
P04004,120,57.8,73.4,66.4,149.7,163.4,99.43333333,63.7,90.5,69.6
Q02790,77.65,85.3,73.4,101.9,59.3,81.5,74.2,31.9,81.4,73.15
O75923,83.25,91.2,73.4,61.6,85.7,42.4,167,47,50.2,94.95
Q16222,60.5,83.8,73.4,75.8,57,35,74.23333333,27.6,57.5,74.1
O15212,58.45,111.9,73.3,76.2,63.7,39.5,65.13333333,38.1,55.6,65.8
P50395,59.8,76.5,73.3,100.6,42.3,38,50.66666667,31.5,50,59.2
O76096,61.7,33.2,73.3,218.4,304.2,240.2,25.46666667,167.9,152.6,38.2
P62318,71.65,84.1,73.2,76.2,51.9,34.6,73.66666667,37.8,86.6,65.2
P08185,77.7,81.5,73.1,86.6,82,86.7,130.4666667,72.7,71.8,127.8
P24539,63.7,85.8,73,68,53.8,50.1,137.5666667,47.3,47.7,88.75
A0A087WX29,56.8,90,73,81.7,46.7,42.4,58.43333333,32,51.8,51.65
H0YHG0,70.1,88.9,72.9,84.7,62.2,60.5,69.9,42.5,71.7,65.05
P28066,46.55,87.4,72.9,78.7,41,35,63.26666667,27.1,76.9,45.65
P26373,57.25,103,72.8,93.5,32.9,35.7,42.66666667,32.9,39.8,46.05
P52790,125.75,103.6,72.7,72.1,76.4,37.8,129.7333333,53.8,89,129.85
P43490,107.4,84.5,72.7,91.4,82.4,63.7,87.06666667,64.6,97.4,102.8
Q92783,61.9,139,72.7,118,43.9,54.3,46.1,15.2,348.8,83
Q7L9L4,109.55,101.1,72.5,69.1,76.5,39.3,89.13333333,41.1,90.6,124.6
H3BPG0,68.2,84.9,72.4,58,52.4,48.9,94.16666667,77.8,159.4,79.95
P78371,56.35,74.5,72.4,149,37,57.7,68.73333333,34.7,64.3,58.3
P12110,53.65,144.1,72.3,26.4,41.8,56,171.6666667,48.3,291.3,42.75
C9J5C3,67.3,74.6,72.1,89.2,44.6,44.9,99.16666667,51.1,73.4,76.6
Q13283,56.45,67.4,72.1,106.5,29.2,24,61.3,17.4,49.7,37.35
P62310,46.25,78.8,72.1,87.4,35.3,33,53.13333333,18.5,128.4,44.4
P07357,109.1,77.4,71.9,76,123,89.7,97.46666667,108.7,94,104.15
Q9GZL7,54.7,77.4,71.9,106.2,20.3,32.9,88.5,47.8,103.7,66.75
Q9Y224,52.8,89.5,71.9,94.7,32.5,48.4,81.23333333,26.5,76.7,70.1
O00161,61.75,75.1,71.8,74.8,37.1,37.6,207.1666667,31.6,65.9,54.15
C9J4T8,55.35,128.3,71.8,44.6,47.9,22.7,83,86.4,43.3,92.95
Q6UX06,64.05,51.2,71.8,100.9,95.2,111.1,80.1,68.5,47.8,92.9
P78417,57.85,81.1,71.7,96.7,58.9,61,63.2,62.3,54.8,57.4
P22314,62,85.5,71.7,108.7,68.5,60.3,84.2,26.2,78.9,67.45
Q04695,135.65,44.8,71.6,227.6,46.2,266.6,42.33333333,21.6,46.4,132.1
Q9HCY8,89.15,70.1,71.6,237.6,49.5,235.7,57.3,34.5,69.3,148.8
A8MXP9,63.05,75.9,71.6,88.7,52,56.3,57.43333333,44.5,52.6,54.5
P30040,80.65,82.5,71.4,81.9,63.3,65,77.5,79,77.3,74.35
P14868,58.1,82.6,71.4,65.8,47,37.2,86.2,25.9,79.4,56.55
P49720,60.25,78.8,71.4,137.2,36.8,39.5,60.96666667,15.7,56.8,59.1
H0YL12,40.85,83.6,71.4,69,32.2,32,105.9333333,12.2,54.6,48.75
Q96C19,88.2,90.9,71.3,71,74.1,39.4,95.73333333,80.6,53.7,174.15
Q96DG6,66,68.3,71.3,60.3,70.1,51.1,48.26666667,29.8,50.7,52
P0DOY2,75.3,53.2,71.3,192.4,90.9,256.4,70.73333333,46.5,158.9,79.15
P48047,71.45,82.4,71.2,61.3,52,47.5,78.56666667,28.5,47.9,70.7
Q7Z7K6,79.05,90,71.2,111.1,41.5,20.3,120.5333333,24.4,47.3,90.65
P18669,67.25,89.9,71.2,104,67.6,60.8,94.36666667,41.2,76.4,96.3
Q09161,68.65,73.9,71.1,70.3,45.8,63.8,67.63333333,44.1,83.7,74.05
P46781,68.8,83.4,71,85.4,53.2,64.6,66.2,60.2,45.4,86.6
P08246,60.15,79.9,71,58.2,90.1,55.4,122.3666667,240.8,47.7,105.3
O75369,67.2,76.2,71,149.6,60.4,149,82.2,40.7,75.4,75.15
P38919,58.75,74.7,71,68.7,49.6,65.1,76.83333333,36.3,92.7,59.7
P63104,81.15,109.7,70.9,81.3,119,68.7,59.56666667,78.4,28.7,135.6
H0Y512,83.35,71,70.9,155,101.8,66.3,110.1,125.4,88.5,121.2
P61247,61.6,79.6,70.9,77.9,43.1,52.8,45.13333333,28.7,67.1,59.8
P58546,70.1,80.9,70.9,149.1,82.8,68.6,58.7,29.6,47.5,55.3
H0Y4R1,54.25,84.1,70.9,71.7,38.9,43.6,69.6,23.6,54.6,64.2
Q9Y295,70.65,82.8,70.9,131.7,36.7,26.5,62.23333333,59.4,53.1,40.25
P23381,94.15,77.6,70.8,80.2,47.8,53.5,53.8,51.2,46.2,99.5
P54920,58,82.9,70.8,144,61.6,191.3,66.56666667,27.7,73.5,76.3
A0A0J9YX77,81.9,98.8,70.7,64,59.7,36.4,189.7,53.1,69.8,104.9
P31947,83,79.5,70.7,266.7,86.1,243.9,64.33333333,25.7,50.2,95.35
Q13451,60.6,79.6,70.7,74.3,49,48.9,58.93333333,42.6,56,61.2
P55072,58.5,94.7,70.7,99.7,47.8,60.6,60.5,31.1,55.7,58.5
P02647,87.75,96.3,70.6,187.7,91.6,159,79.36666667,94,56.5,127.75
Q07666,44.45,63.8,70.6,66.1,64.2,59.6,49.7,36.6,47.2,52.95
P01871,41.9,48.2,70.6,106.3,69.3,204.1,101.1333333,31.7,334.2,68.5
Q5W0H4,77.75,86.9,70.5,109,83,52.6,63.2,66.4,33.9,112.6
P30043,54.35,71.2,70.5,185.3,57.1,72.5,54.36666667,43.6,57.3,47.2
P01019,78.6,132,70.4,199.6,75.6,70.2,145.3333333,89.6,57.9,69.25
P01042,73.4,73.2,70.3,142.8,108.2,134.7,84.8,48.2,145.6,146.9
C9J8H1,86.8,100.8,70.2,105.4,67.2,75.1,122.9,62,61.6,70.8
M0QY67,64.4,68.1,70.2,59.5,89.1,57,55.23333333,36.1,66.8,58
Q9UII2,55.4,61.9,70.2,26.7,43.5,79,31.83333333,17.8,23.1,24.9
P67775,62.5,73.8,70.1,129.7,50.4,48.3,91.93333333,27.1,51.5,69.2
H0YLP3,59.05,68.3,70,51.5,42.5,32,94.3,50.1,41.7,52.75
Q92945,54.85,63.2,70,48.9,47.3,41,44.16666667,30.6,31,46.65
P22748,116.85,58.9,69.9,63.6,77.9,26.5,162.6333333,144.1,70.9,114
J3KN67,46.65,104,69.9,104,34.1,76.3,41.26666667,30.9,44.1,42.25
Q13442,67.15,99.5,69.8,99.5,54.4,68.3,69.36666667,31.4,48.3,57.25
J3KTL2,48.95,77.3,69.8,65.1,55.9,37.2,51.8,29.5,86.6,82.45
P12277,68,77.9,69.7,65.6,46.6,45.1,87.43333333,31,54.5,75
P53396,71.2,86.2,69.6,83.3,45.3,42,73.23333333,36.7,87.1,73.9
P51888,60.2,131.5,69.6,89.8,42.5,37.9,52.26666667,20.9,609.4,53.8
E5RIV1,95.35,88.4,69.5,138.2,73.3,215.8,80.6,44.5,88.6,79.55
F8W8N3,69,95.8,69.5,116.8,58.8,57,60.4,31.9,53.4,66.9
P05164,73.4,68.3,69.3,70.7,60.2,44.2,155.5666667,147.5,70.3,98.75
H7BY91,61.1,97,69.2,56.6,48,31.1,66.86666667,50.9,69.6,65.95
Q6ZQN7,71.75,82,69.1,80.4,97.5,24,87.5,124.4,76.5,97.4
P29692,62.55,74.8,69.1,91.4,46.5,46.2,78.1,30.8,47.8,69.25
P20618,62.5,85.2,68.7,98.5,59.6,49.4,72.7,36.8,57,78.35
P25311,94.9,91.4,68.6,81,101.6,84.7,100,159.1,53.6,157.6
B7Z7P8,71.95,90.3,68.6,102.5,52.7,46.4,70.6,41,54.5,65.15
P25815,84.55,86.6,68.4,56,66.8,29.3,216,60.6,42.7,96.1
Q9NR30,62.95,78.5,68.4,80.7,41.3,53.8,77.53333333,26.6,56.4,56.65
E9PCY7,57.15,71.7,68.3,77.7,51.7,57.8,81.06666667,35,43.8,63.4
P34932,63.3,75.1,68.2,94.5,40,43.2,76.13333333,31.5,62.9,61.9
Q16531,57.85,96,68.2,88.3,61.5,58.4,102.1333333,29.5,74.3,75.8
Q15080,126.35,71.9,68.1,65.4,79.3,46.2,152,94.1,161.6,76.7
Q5R3B4,59.8,80.9,68.1,55.6,99.6,40.9,65.8,98.5,60.4,79.4
Q99436,53,70.1,68.1,62.3,51.7,30.9,43.3,31.9,36.3,38.35
P09669,62.1,79.3,68,74.9,57.8,45.7,70.9,65.4,103.1,69.7
E9PQN9,71.5,81.7,67.9,72.2,54.4,50.2,116,70.4,98,106.75
P22528,72.9,62.3,67.9,279.2,67.4,181.6,69.2,57.5,69.8,104.9
P78324,80.2,94.3,67.8,241.2,53,64.4,54.53333333,38.2,81.8,95.15
F5H423,50.55,61.4,67.8,65.3,34.1,29.1,58.26666667,36.9,49.4,56.2
D6W5Y5,47.95,103.1,67.8,72.8,31.1,31.2,87.1,22.2,101.3,75.65
P62879,123.8,82.1,67.7,55.3,84.2,37.2,106.9333333,54.5,97.7,174
P02100,62.85,90,67.6,75.1,49.3,36.3,70.9,29.7,47.6,66.5
P07476,83.95,52.3,67.5,426.4,57.2,77.2,49.86666667,37.4,57.1,136.35
Q9NQ29,61.9,44.4,67.5,124.8,148.7,106.2,53.06666667,95.7,108.1,65
Q14974,60.2,75.9,67.4,72.1,52.1,35.9,54.46666667,26.4,73.4,57.75
P07737,96.85,65.2,67.1,59.1,160.6,78.4,72.83333333,58.3,54.5,72.35
P28482,75.05,77.4,67,66.4,66.1,74.5,65.73333333,85.7,84.2,89.65
P30086,59.8,65.8,67,63.2,46.9,42.8,62.46666667,46.2,49.2,103.15
Q9BRL6,58.25,80.4,67,81.3,58,41.5,51.73333333,51.9,34.5,69.8
P21796,54.2,85.1,67,69.9,47.3,45.3,94.33333333,41.8,65.2,65.2
Q16658,57.2,102.2,67,76.8,43.5,38.9,52.56666667,28.4,31.7,53.95
O43866,52.25,86.5,67,77.8,54.6,77.8,146.3666667,23.6,238.6,82.5
P41218,144.75,70.6,66.9,48.5,146,64,110.0666667,133.8,82.4,108.35
C9JLV4,97.6,76.5,66.9,148.5,74.2,54,137.6,61.8,79.9,97.25
I3L3U1,58.7,76.9,66.9,87,55.4,42,50.93333333,26.8,62.2,46.8
Q5TEC6,171.4,60.5,66.8,78,230.4,119.6,61.36666667,95.6,61.2,93
P11413,80.65,72,66.8,72.8,88.8,53.7,82,86.7,65.7,99.8
P09960,100.45,75.7,66.7,94.7,137.1,46.3,79.2,131.4,55.6,160.9
Q15008,70.3,99,66.7,57.9,54.7,55.5,73.43333333,44.4,38.4,78.6
O60506,62.3,75.3,66.7,83.2,48.4,44.9,70.4,35,59.4,66.9
P26368,57.85,78.9,66.6,55.5,34.4,46.6,70.06666667,26.3,49.7,55.55
Q04917,67.1,88,66.5,92.6,80,61.2,55.13333333,35,69.8,76.05
H0YL69,60.6,72.5,66.5,67.3,32.3,39.5,57.7,30.2,49.6,51.5
P31146,148.75,65.1,66.4,62.6,210.1,75.5,63.96666667,121,78.6,109.85
B1AKG0,144,78.1,66.4,70.3,81.1,66.3,132.4666667,23.6,57.3,123.15
Q10588,73.1,78.9,66.4,72.8,47.4,36.2,210.5666667,51.3,86.6,92
P43686,65.1,84.7,66.4,68.8,25.6,41.5,72.66666667,29.2,59.1,71.25
A0A2R8Y653,42.35,73.6,66.4,61.2,32.4,36,58.46666667,21.2,48.7,52.7
P26583,114.5,71.5,66.3,29.8,191.5,49,49.76666667,131.5,31.2,143.1
Q9UKV3,71.8,98.6,66.3,53,28,23.4,66.33333333,61.6,33,83.35
P14854,65.5,98.9,66.3,134.8,33.7,185.6,118.2333333,18,61.8,55.8
P15153,160.6,57.9,66.2,71.1,175.1,82,82.06666667,116.3,48.9,100.65
P52565,65.65,95.6,66.1,72.1,100.5,49.6,64.73333333,56.2,48.3,111.25
P62269,61.5,91.7,66.1,75.8,32,32.4,48.13333333,40.4,31.1,63.6
P04114,53.75,83.2,66,82.5,50.1,31.9,175.4666667,50,143.5,128.05
A0A087WYF2,54.7,74,66,76.7,46.8,54.2,45.26666667,27.7,44.7,44.95
P08575,80.9,72.4,65.9,77.3,101.4,46.2,139.9,57.7,89.6,130.2
P23396,52.7,80.6,65.8,77.2,34.5,33.3,59,29.8,46.9,52.7
P62081,49.95,52.2,65.7,39.1,53.9,44.8,41.9,53.6,19.7,49.7
C9JA93,63,141.5,65.7,71.5,55.3,0,75.46666667,42.8,78.8,76.85
A0A2R8Y738,48.1,69.7,65.5,39.5,45.6,35.3,54.33333333,52.6,38,52.65
I3L3P7,53.3,78,65.4,95,39.8,45.9,85.46666667,38.4,44.2,54.1
P68371,54.75,76.4,65.4,86.3,45.8,78,59.86666667,28,57.2,48.65
P53801,88.15,92.9,65.3,68.1,24.9,47.3,168.7333333,24.9,70.3,120.85
H0YDE4,66.7,96.9,65.3,75.5,42.9,58.9,76.93333333,29.1,61,59.15
P40199,60.7,62.1,65.3,179.5,67.8,49.9,124.2,96.5,68.4,111.8
P09917,93.75,59.6,65.2,107.1,68,80,149.4,67.6,111.4,98.55
Q15758,52.15,89.6,65.2,52.8,21.4,20.3,69.2,17.7,37.6,41.85
P23526,52.5,62.8,65.2,59.1,42.5,40.8,70.96666667,38.5,45.6,70.7
G3XD11,45.1,69,65.2,45.5,29.7,31.2,301.4,19.8,38.6,40.45
P48668,149.5,55.1,65.1,163,55,108.2,45.5,24.2,59.6,225.8
Q8IYB3,87.3,120.9,65,133.1,0,27.4,112.8666667,0,90.8,68.8
A6NLN1,49.5,68.7,64.8,84.9,36.7,41.4,69.16666667,34,64.2,70.4
P25205,52.65,74.8,64.7,69.1,49.8,59,60.1,27.2,46.5,45.5
P11221,57.5,101.4,64.7,59,56,41.4,202.1666667,77.3,51.5,84.2
P62701,49.25,79.7,64.7,78.1,48.5,49,66.36666667,28.6,50.7,57.75
P11766,60.4,72.7,64.6,83.7,52,37.9,61.1,39.5,60.6,55.9
P09525,110.75,68.1,64.5,57,120.3,42.4,118.6666667,161.4,84.9,83.55
O15144,102.9,76.3,64.4,40.9,99,39.6,115.3666667,149.8,48.4,140.95
P52209,105.05,76.6,64.4,65.5,184.8,51.8,71.06666667,69.4,76.6,108.6
Q9UBT2,57.2,71.5,64.4,52.4,62,27.7,67.06666667,20.4,62.8,56.7
P39687,61.65,68,64.4,75,47.6,40.3,67.9,41.5,61.9,64.9
P02763,52.4,72.7,64.4,93.4,91.1,80.8,181.5333333,35.7,68.7,137.55
Q08477,88,87.8,64.3,79.1,72.6,43.3,95.13333333,44.7,84.2,118.8
O75390,57.7,84.6,64.3,56.1,38.8,37.4,150.6,54.5,45.6,81.85
P16402,132.5,66.9,64.2,51.8,103.9,47.9,34,153.2,28.7,120.9
A0A3B3ITJ4,59.4,76.4,64.2,73.1,61.3,47.8,55.4,39.4,49.9,71.55
P02750,64.75,78.1,64.2,110.4,71.4,91.5,96.86666667,27.5,192.7,162.5
A0A590UJ17,90.5,104.5,64.1,172.7,116.2,147.6,58.46666667,129,65,116.75
P01876,102.1,81.4,64.1,198.5,97.4,375.7,41.7,16.4,73,92.95
Q15102,75.5,74,64,54.2,104.9,48.3,70.2,56.5,52,76.6
P06493,55.85,65.8,63.9,63.9,44,45.3,71.53333333,35.8,52,56.3
B9A041,52.05,65.8,63.9,89,54.4,43.3,56.86666667,42,64.5,53.6
Q9BWD1,48.2,68.6,63.9,58.4,35.6,31.2,50.6,27.7,43.2,31.7
Q14566,50.1,66.3,63.9,39.9,62.4,46.8,45,32,77.1,44.8
P04899,91.85,97.7,63.8,51.4,82.6,54.6,119.2666667,109.4,105.5,145.75
P32926,81.5,79.5,63.8,397.9,36.7,183.8,84.7,16.8,63.2,89
O43390,64.7,80,63.8,69.3,45.2,43.6,61.03333333,27,47.2,57.05
P11142,58,70,63.8,68.2,48.6,41.9,54.16666667,24.5,35.6,53.7
P23921,53.7,61.3,63.8,480.6,47.7,143.9,32.83333333,18,49.2,39.5
Q9NQ50,60.75,74.7,63.8,91.5,45.1,14.5,90.53333333,18.8,76.2,49.85
P10606,75.95,80.7,63.7,56.4,53.3,38.8,93.86666667,47.2,45.9,67.6
H0YGX7,71.1,70,63.7,105.3,171.2,99,47.9,126.7,64.6,132.65
P05787,50.3,86.9,63.7,65.9,39.8,34,65.53333333,26.3,43.5,54.2
P01011,141.75,53.2,63.5,69.6,86.1,48.7,90.33333333,52.6,65.5,214.35
P62258,56,66.7,63.5,103.8,44.5,45.7,61.03333333,23.2,60.9,51.6
P13688,56.35,61.2,63.4,117.7,76.3,63.5,171.5,21.5,130.3,56.8
Q12931,53,65.8,63.4,64.8,39.6,32,58.9,23,63.2,44.6
O60234,135.5,52.1,63.2,42.9,366.5,93.6,64.23333333,122,116,46
Q00839,55.5,83.4,63.2,63.4,47.8,34.8,41.5,35,38.6,52.35
P30041,47.5,59.8,63.2,88.2,62,40.3,36.1,23.6,28.9,31.2
Q9Y3F4,56,66.8,63.1,76.4,62.3,53.3,64.63333333,29.6,106,64.6
G3XDA5,36.15,57.8,63.1,69.6,25.5,23.2,309.3666667,18.6,65,50.65
U3KQT1,61.2,67,63,75.3,79.7,48.6,47.73333333,25.5,41.5,62.9
A8MT72,52.45,60.7,63,52.3,72.7,61.8,66.06666667,142.8,71.2,167.95
P27348,68.7,88.7,62.9,98.7,44.7,52.4,67.76666667,30.3,57,62.5
O76021,29.35,92.1,62.7,91.1,0,39.6,61,20.5,53.1,37.75
M0R0M7,107,74.6,62.6,58.6,123.7,48.9,72.96666667,90.5,139.3,91.45
O75367,97.65,76.6,62.5,67.1,137.2,68.3,55.9,89.1,54.8,156.55
O75431,59.95,103.9,62.5,45.9,94.9,29.2,83.56666667,55.8,92.1,62.05
Q02878,54.15,78.6,62.5,54.5,47.9,35.1,53.1,44.3,48.9,52.5
Q5TBF5,56.4,105.6,62.3,54.9,37.4,33.7,53.13333333,19.8,622.7,61.2
Q96HR9,74.65,70.7,62.3,127.6,232.1,215.1,53.6,41.1,222,46.7
A0A3B3IUA2,61.35,48.4,62,127.6,45.8,55.9,56.26666667,27.1,51.7,55.7
Q01518,55.95,67.9,62,72.1,68.6,61.1,59.93333333,34.9,60.2,64.8
P41091,55.55,68.6,61.9,57,76.1,45.8,62.7,57,49,65.9
P29401,57.75,68.3,61.9,83.8,74.3,47.9,69.56666667,93.6,73.1,113.4
Q12904,44.05,57.6,61.9,20.1,55.5,25.2,43.33333333,20,25.7,33
P35606,90.05,104.3,61.8,55.4,50.9,44.7,96.13333333,34.6,58.1,74.9
H3BQZ9,61.25,70.9,61.8,74.7,69.3,44.3,87.16666667,63.8,67.6,68.85
Q13200,67.45,77,61.8,87,51.6,47.7,94.96666667,46.1,52.7,66.4
P06576,55.95,70.5,61.8,67,41.8,52.7,49.03333333,38.8,65.4,48
P25786,52.4,75.6,61.8,89.1,57.5,40.9,51.43333333,33.2,54.7,57.95
A0A5F9ZHH9,61.65,90.7,61.6,74.1,54.2,50.8,71.66666667,35.5,59.7,66.25
Q96PK6,51.15,79.1,61.6,61.6,60.8,47.2,83.4,48.3,66.6,64.6
P14618,71.9,71.9,61.5,111.8,81.7,124.4,70.16666667,38.9,58.8,65.15
X6RDA4,24.5,0,61.5,0,0,0,0,0,91.6,4.8
P13489,76.1,85.7,61.4,274.1,60.8,94.2,83.73333333,27.4,59.3,61.8
H7BZW6,53.15,84.8,61.3,80.6,43.9,47.1,80.2,35.7,39.9,54.35
Q5T5C7,57.85,78.4,61.2,90.1,36.5,42.8,61.6,28.2,54.6,49.85
Q99460,93.8,112.1,61.1,97,49.5,64.9,117.3666667,54.3,53.2,72.75
A0A5F9ZH72,58.6,64,61.1,78.6,72.5,75.4,55.63333333,34.8,52.9,49.15
P02452,46.95,102.1,60.9,47.2,37,37.9,147.3,52.7,378.7,58.2
P40429,48,65.1,60.9,45.5,32.1,28.1,26.23333333,13.3,32.3,37.7
Q9NT62,80.35,70.8,60.8,152.3,61.7,71.1,43.66666667,34.2,74.3,52.5
Q5T4S7,94.9,131.5,60.7,78.4,40.3,28,86.83333333,42.3,119.2,84.65
A0A3B3ITD8,52,44,60.7,32.1,64.4,25.3,64.43333333,91.9,39.2,66
P09382,53.35,99.4,60.7,122.1,57.7,103.7,50.73333333,20.7,45.2,78.3
H3BNC9,54.4,61.6,60.6,49.6,46.9,27.1,65.76666667,39.5,36.7,49.6
G5E972,69.9,82.9,60.5,54.5,87.9,48.4,59.43333333,42.8,48.1,91.1
P61326,47.8,71.6,60.5,24.5,63.3,28.3,31.46666667,56.1,25.7,48.3
Q96BX8,101.35,61.3,60.4,48,82.4,38.2,167.2666667,94,82.6,105.35
E9PBF6,61.5,76.8,60.4,65.1,45.3,55.7,84.03333333,36.3,53.8,61.1
P52597,52,69.2,60.4,58.4,46.8,42.8,66.56666667,36.2,56.8,52.95
Q9BWJ5,47.3,83.4,60.3,56.3,49.9,35.8,56.23333333,52.6,76.2,61.4
Q13263,52.15,74.1,60.3,72.4,56,57.5,59.4,38.3,56.1,49.95
D6RF35,88.9,65.4,60.2,88.6,222.6,110.3,107.8,37.8,98.4,112.3
P30153,57.2,69,60.2,67.3,56.2,41.2,50.3,33,50.7,47.8
P30101,57.2,68.6,60.2,103.3,76.1,92.4,57.03333333,66.8,74.8,56.6
A8MVU1,98.95,86.9,60.1,52.2,117.3,47.9,89.3,128,46.9,137.7
E7EQ69,84.6,84.1,60.1,81,45.2,53.5,66.26666667,55.3,69.8,107.65
Q8WYP3,91.5,64.4,60.1,96,100.5,59.9,139,76.3,112.9,129.25
P14927,69.9,74.6,60.1,49.9,84.8,39.9,73.23333333,74.3,46.5,61.95
H9KV28,59.35,65.3,60.1,72.7,69.1,57.5,55.26666667,42,85.2,57.9
H0YLR3,71.3,100.6,60.1,121.7,80.6,46.8,82.46666667,38.4,62,79.6
Q9HB71,50.15,70.6,60,51,37.4,31.8,53.76666667,21,86.6,46.65
P05388,44.4,56.6,60,55.7,31.8,39.7,42.93333333,25.7,31.5,44.5
P15880,57.45,71.2,59.9,79.3,44.3,41.4,60.13333333,40.6,46.1,52.3
P17987,54.4,66.2,59.8,61.4,37.7,41.4,57.2,24.2,43.4,51.05
P26641,43.3,73.2,59.8,51.9,52.3,32.2,40.16666667,45.3,31.7,53.55
P46778,45.55,78,59.7,57.4,43.7,37.1,62.23333333,24.5,40.4,35.55
P30050,63.15,63.5,59.6,43.9,27.7,29.3,69.86666667,30.7,29,65.45
A0A0G2JIW1,73.65,74.6,59.6,64.2,58.3,55.8,56.9,33.3,46.5,67.05
P02765,60.5,53.9,59.6,164.6,113.2,184.3,85.66666667,33.9,139.1,62.9
Q9HD89,60.2,73.7,59.6,100.6,46.5,41.8,157.7333333,24.8,323.2,60.45
P50991,52.6,68.9,59.5,72.8,45,39.5,54.23333333,34.6,59.4,53.6
Q15691,56.25,60.7,59.5,85.7,65.8,45.4,39.66666667,36.6,41.1,40.6
P28799,78.6,62.5,59.4,44.3,114.9,36.5,171.8666667,119.7,56.9,99.55
P23284,71.7,73.8,59.4,70.3,92.6,54.7,73.43333333,101.3,59.8,93.35
O95373,67.15,77.4,59.4,75.9,67.7,49.2,80.86666667,51.1,94.3,72.35
A0A0G2JJZ9,59.4,67.5,59.4,71.9,64.8,45.2,90.7,56.1,62.4,69.65
P47929,73.2,63.6,59.4,318.9,62.9,162.3,55.16666667,35,78.2,113.2
Q9UKY7,0,0,59.2,57.9,78,0,21.06666667,111,512.4,18.9
D6REB4,75.75,167.8,58.9,113,0,0,62.13333333,0,121.8,82.45
O00148,59.15,73.1,58.9,62.5,55.5,45.7,113.2,48,64.1,66.9
P48643,55.4,71.4,58.9,67.3,44.1,56.7,48.03333333,24.9,43.5,50.45
Q9H7M9,86.35,96.3,58.8,59.7,83.3,57.7,84.9,103.3,110.9,87.45
A0A087WVC6,75.25,71.9,58.6,58.8,72.7,38.1,183.9666667,58.8,60.9,97.85
Q01432,115.55,66.3,58.5,61,60.6,40.8,166.8666667,95.3,52.8,124.9
E9PQ75,97.1,82.6,58.5,88.6,69.9,42.1,145.4666667,48.7,159.1,134.1
P28070,55.05,69.5,58.4,97.5,38,40.1,68.46666667,29.4,193.9,89.45
P26038,61.1,59.8,58.3,67.2,67.1,43.4,49,58.7,46.4,97.25
D6RBZ0,47.7,58.4,58.3,75.5,34.1,32.6,44.6,20.9,37.1,50.25
P12724,69.35,83.3,58.2,69.4,143.9,63.1,120.7666667,216,48.6,57.3
O75400,54.85,64.6,58.1,56.1,51.8,33.5,71.3,33.6,65.8,63.75
E9PGN7,47.7,65.4,58,105.2,57.8,98.3,175.3,45.7,117.9,122.45
P02533,116,34.3,57.9,272,69,276.1,29.5,30.4,51.6,150.35
P31151,87.6,42.9,57.7,173.6,58.2,60.1,69.66666667,26.4,51.3,279.8
P07814,48.15,75.8,57.7,116,23.9,39.6,44.53333333,16.6,49.3,36.4
P40227,70.4,65.7,57.6,56.4,53.7,35.8,44.5,29,35.4,80.25
C9JX21,63.1,58.9,57.6,91.4,180,84.9,101.9666667,104.7,101,60.7
F8VV59,41.95,55.6,57.6,95.4,28.1,61.3,39.63333333,26.8,34.1,37.1
P25705,54.95,66.5,57.4,77.5,46.8,62.9,65.13333333,38.8,88,54.1
H0YAF8,49.3,62.9,57.4,96.1,43.9,57.8,44.1,19.2,50.4,46.65
P05141,43.45,53.6,57.4,37.1,42,35.1,40.36666667,64.8,33.9,42.5
Q15717,62.05,67,57.3,56.2,61,43.5,71.6,43.9,70,69.75
Q15459,42.65,70.5,57.3,71.9,23.2,30.3,54.5,17.1,50.2,39.4
Q7Z5R6,116.85,66.6,57.1,59.9,107.5,20.4,98.4,59.8,62.9,134.7
P54725,43.1,79.6,57.1,87.5,51.7,75.2,47.9,29.9,61.3,49.95
P49207,36.95,61.2,57.1,55.1,32.4,29.6,51.2,20,37.3,31.75
Q96HC4,59.35,62.3,57,60.6,114.5,40.5,65.23333333,56.4,39.9,73.1
P35580,46.3,112,57,41.9,67.5,43.7,83.56666667,50.8,52.2,62.75
O00487,50.75,71.3,56.8,88.8,35.4,54.4,69.5,29.3,58,54.95
P09591,50.05,71.3,56.6,66,38.3,25.2,160.3,81.8,265.6,43.25
P62906,72.55,82,56.5,140.6,46.2,44.5,45.3,57.1,30.6,80.8
P08865,43.6,61.7,56.5,66.1,30.9,34.9,48.06666667,18.7,86.7,50.3
P31946,70,63,56.4,139.8,71.3,88.1,56.73333333,39.4,39.4,87.1
P39748,40.8,72.2,56.4,36.9,52.4,42.2,30.26666667,25.4,43.7,44.1
A0A096LPE2,28.7,54.3,56.3,41,12.3,11.2,66.6,4.6,18.9,525
H0YJ50,61.8,74.9,56.1,75.2,38.7,37.7,65.23333333,20.5,41.3,56.75
P02538,114.95,32,55.9,247.3,44.1,227.2,42.46666667,25.6,55.5,176.05
K7ESQ2,104.5,129.7,55.9,115.7,67.4,0,122.5333333,28,43.5,91.55
P46939,48.1,83.6,55.9,54,30,18.8,283.2666667,52.9,40.8,62.3
P12004,43.25,58.4,55.9,71,32,35.1,50.83333333,17.1,39.7,46.3
P05107,80,64.9,55.7,53.9,59.1,34.2,184.6666667,80.5,76.2,118.15
A0A3B3IT92,42.3,67.8,55.7,100,36.4,20.7,46.36666667,17.6,51.9,36.85
Q66LE6,91.05,88.2,55.6,91,74.7,63.2,78.06666667,38.4,54.6,67.05
A0A0J9YW13,52.1,67.9,55.6,57.4,55.7,40.9,48.13333333,31.4,50.7,52.4
O95232,0,123.9,55.6,138.9,0,68,22.26666667,0,0,79.25
P04080,55.85,54.8,55.5,193.8,47.5,140.4,51.4,49.2,38.9,53.6
P08243,53.65,68.1,55.5,61.6,44.2,31.9,67.96666667,31,43.7,55.45
P15170-3,48.3,68.1,55.5,64.8,150.4,51,65.13333333,71.8,90.5,49.5
J3KRX5,40.45,57.3,55.5,90.4,29.9,34.4,38.2,20.1,35,36.9
O00483,60.85,64.5,55.2,39.7,85,33.3,55.4,104,34,104.8
Q96AE4,76.55,70.9,55.1,51.5,40.9,29.9,50.76666667,29.1,28.7,48.25
P60709,72.65,72,55,83.7,94.3,100.5,83.63333333,41.3,71.1,89.75
H0Y3P2,43.7,64.6,55,57.7,66.3,22.7,53.63333333,62.7,50,61.3
O76003,49.05,96.2,55,69.8,16.4,21.7,45,11.9,38.2,45.2
P04264,63.1,51.7,54.9,56.9,241.2,106.8,47.13333333,223.8,81.2,162.45
P02748,118.2,51.6,54.8,47.8,144.4,47.2,138.0666667,25.9,208.8,91.8
P07900,48.45,56.1,54.8,51.9,41,31.7,49.06666667,30.5,36.8,55.75
P60842,50.55,63.3,54.8,71.5,45.9,53.9,58.16666667,28.9,61.4,53.05
H0YFS2,45.55,71.3,54.8,90.4,43,47.7,50.63333333,39.1,33.4,56.9
P13647,94.45,39.4,54.7,274,40.1,376.5,31.96666667,29.4,52.7,124.25
Q00013,51.6,62.7,54.7,95.5,55.6,29.2,46.5,0,40.8,50.35
P30085,47.15,61.5,54.7,70.3,36.1,42.6,44.56666667,32.1,35.6,43.45
Q92804,27.75,86.1,54.7,59.5,14.7,30.5,22.2,2.8,23.8,10.85
P05455,54.4,59.6,54.6,58.2,34.4,41.2,53.36666667,33,40.3,59.1
Q9HWK6,56.3,58.9,54.6,80.5,250.1,160,48.8,271.7,53.6,68.65
P62424,51.6,66.2,54.5,56.8,40.2,36.3,77.96666667,40.2,46.6,54.25
Q04760,53.55,63.5,54.5,128.7,70.5,60.4,42,24.8,34.2,50.2
O75131,78.25,69.6,54.4,62.2,74.2,51.4,119.4333333,75.3,110.7,114
Q99848,65.3,49.9,54.4,71.2,39.1,30.6,56.3,17.3,85.2,50.3
P50990,45.65,63.5,54.4,62.3,42.2,40.9,61.2,27.2,47.7,48.8
H0YHA7,43.8,62,54.4,59,35,39.8,37.73333333,26.2,26.2,49.65
Q92688,60.25,65.4,53.9,77.9,35.8,31.5,60.93333333,31.1,40.6,53.8
P04181,53.5,55.7,53.8,59.4,28.7,16.6,95.96666667,16.6,35.1,77.85
A0A286YFJ8,66.8,53.8,53.7,118.2,43.1,57.1,120.8333333,29.5,62.5,187.6
H0YHX9,42.65,53,53.7,70.1,38.3,42.4,56.73333333,27.2,34.5,45.45
P40926,42.7,56.4,53.7,68.1,32.8,32,49.86666667,23.1,41.8,43.15
P19623,57.2,99.4,53.6,39,38.3,32.1,58.46666667,15.1,32.3,37.95
Q7L2H7,80.6,59,53.4,88.7,68.9,50.8,59.6,43.1,50.8,54.55
P07585,60.1,121.8,53.4,54.2,51.8,59.5,68,45,573.5,54.4
P39023,47.05,55.3,53.4,57.2,39,43.8,43,34.6,41.6,41.85
P08473,61.7,101.3,53.3,48.6,49,46.9,210,59,46.7,95.85
E7EX17,50.5,46.4,53.1,44.5,42.7,28,53.9,36.5,57.5,40.45
A0A087WYT3,50.35,64.8,53.1,56.9,43.8,47.4,48.83333333,19,51.5,54.75
P10809,52.85,67.2,53,63.4,55.3,46.3,56.2,40.1,62.5,47.7
A0A087WTT1,48.8,66.5,53,71.4,42.8,39.5,52.86666667,31.4,49.1,50.85
F8VZX2,41.15,50.1,52.9,111.7,50,72.6,39.7,31.1,45.7,35.25
P49321,46.8,56.9,52.8,48.2,38.6,39.1,46.73333333,33.5,44.6,47.15
P32320,119.55,69.4,52.6,32.8,88.9,55.1,128.9666667,124.4,69.6,83.65
Q02543,46.8,64.7,52.6,37,35,33.3,45.46666667,24.8,43.4,32.6
P45880,44,61.6,52.6,56.6,40.7,35.9,75.16666667,34.9,73.2,59.4
H7BXF8,75.5,43.1,52.5,26.5,76.5,22,97.73333333,133.3,22.8,151.5
P39019,48.45,62.1,52.5,69,34,32.7,57.2,29,34.9,44.35
P04406,47.85,56.1,52.5,71.7,55.5,44.1,48.7,39.6,45.9,48.1
B0QYK0,42.75,57.3,52.5,64.6,31.9,58.9,48.13333333,18,47.7,41
B8ZZL8,45.9,70.4,52.4,60.4,32.8,45.5,44.3,18.9,48.9,33.05
A0A087X0X3,43.5,58,52.4,120,42.7,55.8,63.7,25.2,39.4,41.25
P84243,199.3,32.2,52.3,55.9,296.5,113.4,24.33333333,172.1,56.5,81.15
E7EQG2,33.45,58.8,52.3,44.3,17,32.6,147.1,14.8,16.4,41.3
P00558,101.9,64.1,52.2,85.6,99.9,85.1,54.46666667,55,58.2,66.6
P13794,40.1,55.7,52.2,66.3,24.9,28.1,269.8666667,186.3,35,43.1
P61978,60.2,80.5,51.9,106.1,40.9,9.8,82.33333333,0,52.9,57.85
Q15056,44.9,63.9,51.9,57.2,33.9,52.8,69.03333333,25,50.5,47.3
P61978-3,45.95,76.4,51.9,40.9,35.4,30.5,67.73333333,29.4,46.1,38.1
P13645,52.9,49,51.8,71.5,310.8,77.5,38.36666667,148.1,103.2,168.6
Q99832,41.8,61.9,51.8,48.2,33.2,34.6,56.53333333,22.7,35.6,41.25
Q9HVD1,58.45,69.1,51.7,57.8,34.1,28.5,290.4,30.6,37.9,54.75
P02786,46.85,61.4,51.7,57.1,32.1,47.2,82.5,25.3,41.4,41.15
P02008,28.7,49.8,51.7,52.3,23.7,23,32.06666667,13.1,25.1,28.5
Q15046,52.15,61.6,51.6,53.4,44.3,45.1,50.73333333,38,42.4,55.65
P61981,43.45,69.5,51.6,71.3,49.4,44.6,53.23333333,22.2,60.3,49.5
P01009,58.6,41.5,51.4,66.3,60.2,71.6,224.4,19.9,129.5,102.65
P17096-2,43.35,65.6,51.4,39.2,44.1,28.5,54.2,35.2,34.1,48.6
Q7Z794,104.95,10.5,51.1,28.5,192.9,246.6,19.86666667,293.4,103.5,122.7
A0A075B6H9,67.85,74,51.1,44.2,127.3,59.2,106.5333333,39.5,70.4,181.5
P35908,53.2,46.1,51.1,58,451.3,94.2,49.3,194.7,98.5,67.95
H0Y804,44.5,58.6,51.1,40.7,55.4,67.2,49.1,31.4,45,45.45
P17980,45.7,65.2,51.1,70.4,19,27.8,45.9,13.9,36.3,47.35
A0A4W9A917,81.75,46.6,51,74.3,81.1,237.7,137.4666667,45.2,71.1,113.1
P22061,61.15,68.6,51,111.4,60.4,75.3,96.63333333,43.9,57.2,65.5
E9PLL6,40,61.7,50.9,51,36.6,41.8,39.23333333,29,29.3,47.1
P04075,47.35,58.6,50.8,45.9,71.1,52,38.7,27.8,29.7,36.3
J3KTA4,45.1,57.7,50.7,55,32.4,34.6,54.93333333,25.1,43,58.2
B1AHB1,50.55,47.5,50.6,104,19,28.9,76.5,43.8,40.7,41.7
Q96KB5,52.7,63.7,50.6,73.8,51.8,30.2,159.1333333,26.8,46.2,130.15
P25788,50.95,58.9,50.5,66,59.8,51.9,43.73333333,48.7,57.9,58.25
O75934,58.9,57.7,50.4,48.2,55.7,44.9,68.03333333,62.9,77.9,63.5
P05198,69.75,92.7,50.4,97.3,47.2,53.9,83.76666667,29.2,65.2,64.85
P08621,58.85,67,50.4,60.6,45.5,32.1,67.26666667,29,33.4,52.15
A0A2U3TZL5,65.85,61.4,50.3,52.9,68.1,50.6,206.5,57.4,69.2,74
P68036,34.85,53,50.1,52.1,29.5,31.2,40.9,19.2,38,34.8
Q9BXL5,59.15,93.6,50,81.6,0,0,43.3,0,80,37.35
O60841,72.55,56.5,49.7,71.2,17.2,31.3,113.6666667,53.9,29.4,62.9
P08779,68.9,45.8,49.6,339,44.3,348.6,41.3,30,64.6,104.5
P13981,24.55,53.2,49.6,45.2,20.5,0,338.0333333,78.1,53.3,41.85
P49773,51.2,68.1,49.5,62.1,58.1,80.8,52.23333333,33.9,64.8,43.5
O75937,42.35,52.9,49.5,41.1,53.3,31.7,45.83333333,49.3,44.7,44.85
P06744,53.6,56.3,49.5,65.1,87.1,49.3,54.1,75.5,67.9,90.75
P49006,48.6,60.4,49.5,49.4,41.9,31.3,107.5,21,47.4,62.45
B4DY09,38.25,110.7,49.5,58.8,38.7,30.3,41.53333333,29.5,43.4,45.9
E9PEJ4,43.5,62.4,49.4,45.6,24.9,19.8,130.8,21.5,35.5,65.6
P22102,41.2,75.9,49.4,43.9,42.3,34.1,45.66666667,24.1,61.9,43.35
P17213,66.9,48,49.3,76.1,89.7,90.2,93.73333333,204.5,79.3,164.5
O75594,44.35,111.1,49.3,78,108.9,50.7,128.2,143.9,116.3,114.15
P04083,105.5,46.3,49.2,83.8,91.6,105.8,63.83333333,118.6,56.3,149.05
Q2FZB1,58.9,92.9,49.2,77.9,14.5,14.9,270.7,0,20.3,125.2
Q15424,48.45,73,49.2,70.4,34.3,57.3,65.3,16.1,42.8,43.05
P18124,46.15,57.9,49.2,67.3,30.8,38.9,44.96666667,28.5,40.3,41.95
Q8IZP2,46.25,60.3,49.2,85,40.7,56.7,46.36666667,21.9,29.9,39.35
Q32Q12,49.4,63.9,49.2,75.4,43.4,36.9,43.06666667,36.4,36.5,58.3
F8W6I7,41.55,53.6,49.2,35.5,29.4,24,28.13333333,20.2,29.6,33.4
P13639,42.65,51.4,49,59.3,37,48.9,41.23333333,23.5,43.6,33.7
P25398,54.05,55.1,48.9,55.8,64.4,45.9,35.83333333,37.3,36,52.8
P04839,69.9,63.6,48.6,44.4,69.5,32.6,173.2333333,195.3,68.1,112.05
P80188,54.55,47.7,48.6,54.1,99.5,39.5,203.1666667,92.3,33.8,142.1
P37837,56.1,55.5,48.6,56.6,64.5,37.7,74.4,64.9,38.7,113.65
B4DY08,43.4,53,48.5,82.5,34.2,43.1,37.96666667,21.2,43,35.7
H7C2W9,42.35,50.1,48.3,73.7,43.2,39.2,26.4,18.6,23.6,35.85
Q5T7C4,79.05,61.2,48.1,57.9,120.6,42.7,76.16666667,105,47.5,100.4
P53999,76.95,46.9,48.1,145.5,73.7,75.6,64.03333333,91.6,16.7,34.95
O00299,52.5,55.4,48,41.3,71.1,44.1,51.46666667,22.3,50,59.3
Q15365,54.9,53.7,48,55.6,61.1,50.9,54.7,41.6,43,48.1
G3XAC6,54.55,61.9,47.9,44,48.3,31.6,49.63333333,48.8,70.9,39.9
E5RH77,37.75,61.3,47.9,52.5,31.4,31.7,50.16666667,22.7,43.1,40.6
Q14847,33.5,64.1,47.8,68.4,40.7,76,45.7,25.6,52.4,55
P05386,42.75,51.1,47.8,187.8,30.7,48.2,37.76666667,21.4,37.3,28.8
A0A087X090,45.6,57.6,47.7,43.5,144.7,29.1,36.16666667,31.1,51,72
Q9I4S1,28.55,49.9,47.7,32.9,39,32.9,292.7333333,25.2,53.6,35.05
A0A2R8Y849,38.8,42.6,47.6,37.4,31.3,27.8,43.56666667,31.9,25.8,37.9
P30740,75.3,49.1,47.4,64.8,120.6,41.6,166.8666667,90.6,68.4,131.55
Q9UMS4,57.2,54.2,47.3,44.5,50,29.5,56.7,38.1,73.6,55
Q9P2K3,55.5,78.7,47.2,29.7,28.8,23.2,52.36666667,0,57.4,50.7
Q9BZH6,39,56.6,47.2,41.9,47.8,24.5,33.13333333,34.9,38.4,34.15
H0Y8G5,46.35,60,47.1,53.9,35,35.1,59.23333333,26.4,46.7,52.75
O15260,91.3,68.6,46.7,43.9,72.1,46.5,145.0666667,152,58.8,87.75
P06733,55.1,57.5,46.4,61.9,75.1,42.3,64.3,39.2,35.6,76.15
A0A087WVM2,121.65,27.9,46.3,73.8,85.2,44.2,176.9666667,30,72.6,125.1
F8VSL7,62.3,52.9,46,45.4,74.6,37.3,122.6666667,226.5,33.7,150.3
P49411,43.4,62.8,46,40.3,43,39.2,56.66666667,43.6,288.2,46.45
P69891,267.25,68.5,45.7,145.1,39,33.9,41.93333333,20.8,48.4,80.25
Q9UQ80,48.5,54.4,45.7,62.4,39.9,40.8,71.73333333,34.5,42.9,44.6
P31997,98.35,51.8,45.6,36.6,77.1,24.4,184.4333333,73.9,76.4,143.25
P00491,57.05,63.9,45.5,83.6,52,50.2,103.1,42.4,36.8,79.75
F5H5D3,43.3,58.3,45.4,61.7,34.5,52.9,61.06666667,21.5,32.1,37.2
P49368,38.75,48.9,45.4,49.1,37.3,39.6,41.23333333,22.9,42.4,33.9
O15162,69.55,43.9,45.3,39.8,106,64.6,168.7333333,63.8,83.3,125.9
P02458,15.55,53.4,45.3,6.4,3.2,5.7,88.93333333,20.7,832.1,77.05
P27797,56.05,58.2,45.1,43.9,112.2,44.7,65.6,177.2,51.9,113.75
P02461,22.4,121.1,45,23.4,14.6,15.8,57.36666667,38.4,500.8,34.25
P13498,73.05,47.6,44.7,38.1,86.9,38,69.9,291.9,61,129.9
O75347,48,44.9,44.7,99.9,26.8,31.4,45.13333333,15.1,45,33.2
P60900,50.25,48.4,44.6,33.5,52.9,27.2,40.13333333,26.3,35.6,27.7
P62750,35.45,50.8,44.6,76.6,35,37.9,31.7,17.2,23.9,31.5
H3BT71,41.2,39.2,44.5,28.9,24.8,19.4,42.46666667,19.4,29.7,30.85
H0YKD8,41.75,55.6,44.3,57.3,35.3,44.2,52.8,25,34.4,29.55
P31948,40.35,55,44.2,60.2,51.1,43.5,43.63333333,36.2,39,43.55
Q15233,44.5,50.2,44.1,39.5,59.5,29.6,43.36666667,61.5,35.3,55.25
P19338,35.25,59.4,43.8,59,32.9,33,41.43333333,23,35.2,30.05
P62266,38.85,67.5,43.6,36.4,46.9,45.8,47.26666667,41.9,33.8,57.35
Q04837,44.05,42.1,43.6,35.3,45.6,42.9,36.76666667,20.6,27.9,45
P12429,114.9,51.1,43.5,39.6,215.4,59,76.9,150.1,80.3,159
E9PK25,57.2,49.7,43.5,53.5,119.5,79.2,43.43333333,36.4,49.2,67.55
P08238,38.15,44.8,43.5,48.2,40.6,29.6,36.9,25.8,29.7,40.85
Q01105,31.2,55.6,43.1,43.3,32.1,29.6,26.96666667,16,25.9,30.85
P04259,103.45,38.8,43,218.5,59.1,303.5,24.46666667,25.6,51.4,163.9
O14929,43.1,52.9,43,52.2,48.9,36,49.86666667,88.6,32.2,44.35
X6RAC9,44.5,43.2,42.8,30.1,40.4,38.4,43.16666667,39.8,125.8,48.2
P17096,36.55,64.7,42.7,31.1,29.9,24.3,46.66666667,25.8,22.7,37.75
Q07021,39.4,40.8,42.7,45.9,18.4,28.3,113.6666667,43.3,38.2,27.85
P62857,28.55,48,42.7,50.7,27.8,26.2,53.36666667,34.7,28.8,29.7
P31689,40.3,42.6,42.5,73.9,80.9,48,40.36666667,34.2,67.6,29.15
F8VWK8,60.75,46.7,42.3,26.3,72.7,24.1,227.3,85.5,109,91.65
P05387,41.15,50.2,42.3,42.6,27.4,29,30,19.2,23.1,31.05
F5GY37,41.4,57.5,42.3,50.6,22.5,29.2,38.03333333,21.3,37.9,34.4
Q9H3Z4,44.15,62.5,42.3,34.3,107.5,42.1,103.3333333,40.3,75.5,48.25
A0A0C4DGL3,56.7,58.1,42.1,44.9,60.3,42.3,54.03333333,29.6,65.6,46.25
Q99497,38.6,56.7,42.1,56,54.8,28.9,50.63333333,26.3,57,41.7
P32969,38.6,50.6,42,75.2,21.8,35.7,47.63333333,26.6,45,37.35
Q9BTT0,108.85,104.3,41.7,108.7,46.4,0,91.83333333,37.3,66.6,92.65
Q16777,43,50.3,41.7,38.5,18.8,20.9,54.2,17.1,31.9,45.75
P60174-1,37.65,48.9,41.6,81.7,46.3,60.8,41.33333333,21.5,38.2,32.35
A0A5F9ZHM4,43.75,46.2,41.4,59.4,38,29.6,40.53333333,29.8,64.5,44.3
O14979,41.15,51.5,41.4,42,31.8,31.5,38.76666667,24.2,22.9,32.25
P07437,34.25,49.3,41.4,80.3,24.5,65.5,26.7,17.7,42.9,30.1
H7C2L4,40.7,36.8,41.2,76.7,32.4,68.4,59.63333333,21.2,41,47.05
C9JEY1,54.65,31.1,41,34.3,159.3,47.4,117.4333333,242.3,34,177.65
P27816,41.55,60.5,40.8,42.3,46.6,31,55.46666667,38,44,55.6
Q9Y266,38.65,55,40.8,56.7,47.1,45.4,51.2,43.3,40,41.35
P23246,43.55,50.8,40.6,49.3,36.4,29.9,35.8,37,27,36.6
D3YTB1,40.25,42.2,40,56.2,55.2,32.3,36.8,34.2,41.6,38.15
P22626,36.55,53.1,40,40.6,22.9,28.8,29.36666667,19.6,31.3,37.05
Q14978-3,39.2,53.7,39.9,50.3,34.7,53.7,50.3,25.2,46.1,30.85
K7EMH1,33.1,47.7,39.9,33.7,20.8,37.8,38.13333333,25.2,23.4,31.1
P18077,46.4,49.8,39.8,32,46.8,33.1,47.66666667,45.3,42.9,35.55
B5MDF5,28.7,36.2,39.7,42.5,40.2,25,61.83333333,30.6,26.6,43.75
A0A0D9SEM4,38.3,52.4,39.3,65.7,39.2,32.5,39.4,26.3,33.9,28.7
E9PKZ0,30.95,41.1,39.3,31.6,38.5,30.4,36.76666667,26.4,35.2,37.4
P62280,35.6,48.1,39.2,39.3,26.3,29.2,43.66666667,23,30.2,35.9
P30536,51.65,51.6,39.1,24.2,63.4,27.5,98.76666667,349.9,42.3,134.45
A0A1W2PRU0,39.8,39.5,38.9,55.2,41.2,34.4,43.66666667,32,39.8,44.75
P02042,45.75,41.5,38.9,749.6,64.3,197.8,34.36666667,23.9,40.4,32.75
Q9HWW1,35.05,47.1,38.7,31.8,27.8,19.1,338.6333333,28.5,17.2,35.2
Q5VVC8,39.8,52.2,38.2,65.6,23.7,34.9,58.36666667,23.3,31.5,30.5
P46783,45.1,55.1,37.9,109.6,30.5,75.9,49.33333333,29.3,94,41.45
Q04941,117.8,37.8,37.8,48.5,120.1,47.2,99.76666667,182.9,77.4,175.8
G3V2B9,59.05,50.5,37.5,44.9,29.7,17.3,276.5333333,17.9,36.6,111.1
D6R9X9,39.4,51.2,37.5,34.2,39.7,30.3,34.13333333,42,35.5,33.1
P28676,112.45,42.7,37.3,49.4,92.1,30.9,186.6666667,92.4,68.4,105.05
P24534,30.05,49.2,37.1,46.8,29.9,37,34.96666667,24.1,42.5,30.7
A0A2R8Y6J3,34.55,44,36.4,90.4,57.4,77.2,30.36666667,40.9,48.2,34.75
P09874,31.55,49.9,35.6,21,46.8,30.4,28.23333333,33.3,22.3,29.15
B4DQ75,0,0,35.5,93.6,0,0,33.36666667,35.9,0,26.05
P43487,29.5,53.1,35.2,26.8,29.8,19.8,50,19.7,50.1,30.15
F8VRV5,34.65,47.3,35.1,63.7,32.9,98.4,37.23333333,25.8,30.5,51.15
P62829,26.65,32,34.8,138.4,26,60.7,30.96666667,15.7,72.2,17.85
P00390,45.95,39.2,34.3,36.2,47.6,35.8,47.5,27.7,91.8,54.7
P68104,29.4,35.7,34.3,45.9,25.6,32.3,32.73333333,16.2,26,26.6
P63220,33.25,97.2,33.7,31.1,20.5,15.2,21.96666667,20.9,17.1,20.95
P49913,60.85,48.2,33.6,22.8,37,17.2,295.3333333,42.3,61.6,86.55
M0QYG6,74.65,39.7,33.5,21,70.8,29.6,258,51.3,115.4,40.45
P14174,34.25,46.2,33.4,96.5,31,28.3,30.3,11.8,22.4,17.35
P68133,51.7,31,32.8,121.5,183.4,185.3,44.23333333,24.4,107.7,61.05
M0R0F0,39.45,44.7,32.6,48.3,31.4,43.7,27.56666667,34.6,21.2,35.35
Q12906,29.5,43.7,32.4,46.6,45.5,41.6,29.4,14,29.5,35.4
P00338,33.25,39.7,32.3,64.5,37.9,47.6,38.26666667,51.4,35.8,34.3
P05109,62.55,39.5,32.2,26.3,57.1,24.3,263.6333333,75.2,18.5,112.2
Q5QNW6,50.75,41.9,32.1,28.4,36.6,18.3,34.66666667,39.1,17.1,36.85
P14678,38.45,34.9,31.6,47.5,26.2,23.6,40.86666667,27.9,34.3,34.7
P06748,25.7,34.1,31,34.6,23.1,21.8,28.66666667,12.5,26.5,23
P07954,34.5,33.9,29.8,30.1,23.8,21.9,37.5,51.2,28.3,25.1
Q14019,77.05,31.5,29.6,33.7,123.4,38.3,67.33333333,94.8,42.9,191.3
P07919,34.55,25.1,29.1,35.4,48.3,0,39.93333333,73.7,24.1,39.15
K7ERZ3,32.2,53.7,29,38,49.4,27,47.8,49.7,28.3,47.6
P06702,56.1,35.5,28.8,29,65.7,23.4,302.4333333,61.8,19.2,74.6
P01706,134.8,31.1,27.6,32.5,166,87.5,157.9666667,73.5,30.4,97.9
P84098,38.85,63.3,27.5,21.9,34.7,32.9,24.6,54.5,20.7,42.8
E9PKH2,25.3,35.2,27.2,29.2,21.3,18.7,38.36666667,10.6,31.7,34.8
Q5QPL9,31.5,36.8,26.8,37.4,46.9,42.4,39.4,17.3,117.9,33.45
Q16778,103.25,25.6,25.2,32.9,20.6,29.2,33.4,27.1,16.5,39.55
P25787,52.2,66.3,24.9,99.6,26.1,23.9,70.46666667,24.2,37.7,39.35
H7BXJ5,28.1,26.9,23.8,17.3,38.1,18.2,19.56666667,20,18.3,29.5
P09234,31.6,46,23.3,21.4,30.2,20.4,37.96666667,35.7,33.5,17.3
P16949,22.8,27.8,22.7,27.1,34.5,27.4,27.63333333,48.6,19.1,39.35
P62861,21.8,35,21.8,59.1,11.7,22.8,26.9,8,20.1,22.6
M0R1M5,26,25.2,21.5,92.6,9.7,15.1,34.06666667,15.3,11.3,19.65
P84103,14.3,17.3,21.5,15.2,13.6,15.9,20.43333333,7.2,16.2,15.15
Q8NC51,36.75,25.9,21.4,35.5,117.2,17.9,22.06666667,25.6,28.5,26.9
H0Y449,21.2,41,20.9,41,18.4,29.6,18.3,30.2,28.3,28.15
P16104,22.05,27.4,19.7,29.3,73,47,27.96666667,13.6,11.3,16.8
P62140,20.5,32.6,16.6,40.7,32,81.7,57.5,24,25.8,35.1
O15355,12.7,14.7,14.9,3.1,43.1,15.6,20.4,36.7,11.3,34.3
P69892,320.45,41.3,4.9,146.6,52.5,32.6,61,35.6,44.5,35.05
Q8WXA9,22.75,88.6,0,55.1,0,0,15.56666667,0,53.3,57.8
S4R3N1,0,318.8,0,215.2,0,0,135.7333333,0,189,234.95
C9JIZ6,0,0,0,354.2,194.4,0,0,0,0,0
A0A087WYP7,0,0,0,0,0,0,83.26666667,0,0,0